edge_i,edge_j,chi_hat_asym,mean_lr_hat_asym,std_lr_hat_asym,mean_lf_hat_asym,std_lf_hat_asym,chi_hat_sym,mean_lr_hat_sym,std_lr_hat_sym,mean_lf_hat_sym,std_lf_hat_sym,d_chi_hat,d_mean_lr_hat,d_mean_lf_hat
13.0,14.0,0.9999999959621088,0.999999998835161,5.649668728061055e-06,1.0000000962245468,7.356784975208965e-06,0.9999999958832192,0.9999999987894093,5.74254701790602e-06,1.0000000977849006,7.477895098367852e-06,7.88895615499996e-11,4.575173573329039e-11,-1.5603538461306243e-09
14.0,13.0,0.9999999947944014,1.0000001277005244,8.474948386799193e-06,0.9999999859586847,3.8501868649418e-06,0.9999999948652276,1.000000125681026,8.341884098947484e-06,0.9999999861823528,3.7895288054006107e-06,-7.082623376675201e-11,2.019498346328419e-09,-2.2366808405394067e-10
14.0,15.0,0.9999999953869008,1.0000001040745934,6.3193202254273e-06,0.9999999745446241,2.392611786784965e-06,0.9999999953184046,1.0000001057833263,6.423906226866527e-06,0.9999999741262605,2.432258404822937e-06,6.84962087049712e-11,-1.7087329329257273e-09,4.1836356601265834e-10
15.0,14.0,0.9999999965166724,0.9999999640781714,3.958863803103818e-06,1.000000085970772,6.016268225183299e-06,0.9999999965058742,0.9999999646297664,3.896426835636338e-06,1.0000000845943355,5.921335888026161e-06,1.0798140159806735e-11,-5.515949919043805e-10,1.3764365203172702e-09
15.0,16.0,0.99999999,1.000000006599423,2.325477356735849e-06,0.9999999923027612,1.1053471442464107e-06,0.99999999,1.000000006801336,2.3920624089028168e-06,0.99999999206564,1.1369796220890948e-06,0.0,-2.0191293081950334e-10,2.3712110053253355e-10
15.0,67.0,1.000000003036186,0.9999999844792161,3.1730736157913463e-06,1.000000048013041,3.6851865869677543e-06,1.0000000141679666,0.9999999840490005,3.269979623961489e-06,1.0000000494474544,3.797849672063614e-06,-1.1131780608408803e-08,4.3021564088974174e-10,-1.4344132548416155e-09
16.0,15.0,0.9999999959822092,1.000000001942174,6.955414505587795e-07,1.0000000072418394,6.23372800880505e-07,0.9999999956220412,1.0000000021298965,7.602260364933901e-07,1.0000000079256117,6.813120158137131e-07,3.6016800653015935e-10,-1.8772250420795444e-10,-6.837723720565236e-10
16.0,18.0,0.9999999971818844,1.0000000030198926,5.347353419021048e-07,0.9999999970897829,3.224964021480395e-07,0.9999999972832574,1.0000000039856778,6.929262533092979e-07,0.9999999961017209,4.1930320463670575e-07,-1.0137302108859103e-10,-9.65785229567473e-10,9.880620766011816e-10
16.0,68.0,0.99999999751765,0.9999999900782568,1.287849419360052e-06,1.0000000384691445,2.2794440380804635e-06,0.999999998045776,0.9999999903714912,1.250404694799121e-06,1.000000037353231,2.2134287913416454e-06,-5.281259873868294e-10,-2.9323443673234806e-10,1.1159135837601752e-09
18.0,16.0,0.9999999970212,0.9999999969851653,3.649814340543988e-07,1.0000000029691645,5.291722458257958e-07,0.9999999971980322,0.9999999961819568,4.4794506389203175e-07,1.0000000036773016,6.45057518892612e-07,-1.7683221553710382e-10,8.03208499711161e-10,-7.081371045103424e-10
18.0,19.0,0.9999999975128824,0.9999999992899408,1.8615724411219563e-07,1.0000000021856084,1.7084327480917233e-07,0.9999999941430182,0.9999999990318299,2.4587027748833696e-07,1.0000000029803426,2.2565356073669585e-07,3.3698641654922312e-09,2.581108660137943e-10,-7.947342783864997e-10
18.0,70.0,0.9999999976221692,0.9999999999234352,2.085272791744132e-07,0.9999999964435946,9.781152781835692e-08,0.9999999973207052,0.9999999998861552,3.004525958158797e-07,0.9999999947096274,1.4092573162439336e-07,3.0146396490238203e-10,3.728006792158567e-11,1.7339671920524324e-09
19.0,18.0,0.99999999,0.9999999908266052,1.1691206155245282e-06,0.9999999932037906,4.993762972842827e-07,0.99999999,0.999999990226145,1.2436329388471616e-06,0.9999999927476539,5.31262827176862e-07,0.0,6.004601260656273e-10,4.5613668397948004e-10
19.0,71.0,0.99999999,0.999999992153245,1.1635312228970874e-06,0.9999999927851572,4.0761890350906176e-07,0.99999999,0.9999999916413611,1.2376824508265401e-06,0.9999999923013868,4.3365419423272854e-07,0.0,5.118838686257732e-10,4.837703571070051e-10
20.0,21.0,0.99999999,1.000000122383053,8.720715362473794e-06,0.9999999589738466,3.3820970859342897e-06,0.99999999,1.0000001233747056,8.802893664115567e-06,0.9999999585209369,3.434133690098441e-06,0.0,-9.916525378628194e-10,4.5290970973610456e-10
20.0,72.0,0.99999999,1.0000001195544106,9.696495996661237e-06,0.9999999265988755,4.749669559513213e-06,0.99999999,1.0000001128841978,9.15651559603196e-06,0.9999999306932055,4.4837958670238166e-06,0.0,6.670212826520583e-09,-4.0943299861595506e-09
21.0,20.0,0.9999999972492576,0.9999999870847032,2.3399243320941625e-06,1.000000054668772,3.585266994677413e-06,0.9999999979144302,0.9999999862489392,2.4109317212540813e-06,1.0000000569410565,3.726364315673741e-06,-6.651725836803735e-10,8.357640135514544e-10,-2.272284582716111e-09
21.0,22.0,0.9999999881110052,1.0000000038403598,1.9074650878342657e-06,1.0000000195509613,1.7412883897822716e-06,0.99999999093953,1.0000000038093861,1.8815560798256817e-06,1.000000019811004,1.7502162993427569e-06,-2.828524747755523e-09,3.097366807480739e-11,-2.6004265407664207e-10
21.0,73.0,0.99999999,1.0000000163073854,1.98313017733509e-06,0.9999999908731602,7.612735166657987e-07,0.999999980408678,1.0000001470289908,1.778330893071888e-05,0.9999999135375159,7.2670568364666245e-06,9.591321958879462e-09,-1.3072160531812926e-07,7.733564422185424e-08
22.0,21.0,0.99999999,1.0000000392315285,4.680471870154987e-06,0.999999986547611,2.065881287781045e-06,0.99999999,1.0000000410210055,4.917045164602018e-06,0.9999999858582246,2.193514994968228e-06,0.0,-1.7894770110160607e-09,6.893864368251457e-10
22.0,23.0,1.0000000053810745,1.0000000029727998,3.7734330458613576e-06,1.0000000544750447,4.09120089937286e-06,1.0000000094408048,1.000000003092974,3.943427071679e-06,1.0000000568547989,4.272474190369364e-06,-4.0597303296863174e-09,-1.2017431494371067e-10,-2.379754171499826e-09
22.0,74.0,0.99999999,1.0000000292473645,3.6951890727541155e-06,0.9999999978892614,1.7614757115236126e-06,0.99999999,1.000000029477013,3.736539782962586e-06,0.9999999976878037,1.7851657817677879e-06,0.0,-2.29648522420689e-10,2.0145773937940703e-10
23.0,22.0,0.99999999,1.0000003267693152,2.0987305321013776e-05,0.9999998809859914,7.805084081701919e-06,0.99999999,1.000000318458674,2.0450208932667587e-05,0.9999998839557221,7.6004991036466226e-06,0.0,8.310641064213087e-09,-2.9697307946108253e-09
23.0,75.0,0.99999999,1.0000004131198201,2.5867373362030008e-05,0.9999998231589414,9.53181903760037e-06,0.99999999,1.000000381615551,2.390826585877288e-05,0.9999998359882989,8.841210726709696e-06,0.0,3.150426919340532e-08,-1.2829357465271585e-08
24.0,25.0,0.9999999951127964,1.000000103924593,7.559478856126712e-06,1.0000000061693224,3.979466014994233e-06,0.9999999955200054,1.0000000995406944,7.242721951204679e-06,1.0000000056278358,3.812422173095907e-06,-4.0720904426194693e-10,4.383898577486889e-09,5.414866333097734e-10
24.0,76.0,0.99999999,1.0000001262624265,7.619184916965638e-06,0.9999999493522845,2.836167088621503e-06,0.9999999947309048,1.0000001065383122,6.425486598755727e-06,0.9999999577795641,2.3656570247190658e-06,-4.730904890060117e-09,1.9724114341812538e-08,-8.427279540867971e-09
25.0,24.0,0.9999999910935378,1.000000060799418,7.89183620281617e-06,1.0000000444572104,6.032479415712537e-06,0.9999999915495276,1.0000000651417598,8.452697680439816e-06,1.0000000474386954,6.453708129475501e-06,-4.5598980147332213e-10,-4.342341819452145e-09,-2.9814850588394393e-09
25.0,26.0,0.99999999,1.0000000865314282,7.187768350272543e-06,0.9999999844601597,3.1877719943866524e-06,0.99999999,1.0000000860554688,7.161484727310346e-06,0.9999999843308732,3.185025160002844e-06,0.0,4.759594940395573e-10,1.2928647041832164e-10
25.0,77.0,0.99999999,1.0000000779084335,5.932112448061015e-06,0.9999999743432084,2.284449428498948e-06,0.99999999,1.0000000786458143,5.990080082975569e-06,0.9999999740926097,2.3067647853117565e-06,0.0,-7.373808230681789e-10,2.505987639622731e-10
26.0,25.0,0.999999992586832,1.0000000241740914,3.4068433234028483e-06,1.0000000222319694,2.551506257549361e-06,0.9999999920834972,1.000000025266806,3.5890135681420203e-06,1.0000000233176645,2.6893485572794515e-06,5.033348182692521e-10,-1.092714585482213e-09,-1.0856950893867179e-09
26.0,27.0,0.9999999938277002,1.0000000290048625,4.30398662185066e-06,1.0000000266475686,3.345397252111403e-06,0.9999999937940508,1.0000000279906396,4.154160266837469e-06,1.0000000257056372,3.2281678963249175e-06,3.364941658645648e-11,1.014222927864239e-09,9.419314217495867e-10
27.0,26.0,0.99999999,1.000000057652444,5.014897207048274e-06,1.000000002293975,2.6597867515744305e-06,0.99999999,1.0000000598432204,5.204487632321876e-06,1.0000000023576854,2.7599209902255633e-06,0.0,-2.1907764491402304e-09,-6.371037031271953e-11
27.0,29.0,0.99999999,1.000000072360892,5.036076471622647e-06,0.9999999725034033,1.8460644242724857e-06,0.99999999,1.000000071130121,4.9499818527254116e-06,0.9999999729637773,1.8144088708095438e-06,0.0,1.230771040638956e-09,-4.603739611752644e-10
27.0,79.0,0.9999999945025304,1.0000000531223676,4.48626186030118e-06,1.0000000038869528,2.2696238576596564e-06,0.9999999947955868,1.0000000499630215,4.218510033624492e-06,1.000000003651675,2.133715314604239e-06,-2.930563569591982e-10,3.1593461180534632e-09,2.352777972447484e-10
29.0,27.0,0.9999999969046116,0.9999999739438391,1.384209014918849e-06,1.000000040241334,2.562735311986257e-06,0.9999999968588912,0.9999999734675427,1.4090775036992645e-06,1.0000000409576972,2.608456058078447e-06,4.572042744399596e-11,4.76296446727531e-10,-7.16363190989e-10
29.0,30.0,0.9999999999656742,0.9999999845149448,1.0485115395132696e-06,1.0000000132255498,1.2795250643525066e-06,0.9999999979121524,0.9999999879703734,8.388292108887353e-07,1.0000000107810998,1.0391026523295388e-06,2.0535217970518715e-09,-3.455428609910882e-09,2.444449975769203e-09
30.0,29.0,0.9999999956859416,1.0000000156340407,1.7901910608397087e-06,0.9999999942506508,7.446572657260273e-07,0.9999999955535728,1.0000000161636442,1.8511972584842714e-06,0.9999999940536658,7.700422122793246e-07,1.3236878260158846e-10,-5.296034721880005e-10,1.9698498388009966e-10
30.0,31.0,0.9999999958080472,1.0000000063796224,2.03610916188191e-06,1.0000000057600333,1.8262980187079827e-06,0.9999999958699636,1.0000000061706469,1.9710816629012607e-06,1.000000005552309,1.767581863010317e-06,-6.191636092722774e-11,2.0897550356835382e-10,2.0772428221960126e-10
31.0,30.0,0.9999999987656114,1.0000000097100352,1.3343745515832853e-06,1.0000000095527564,1.2366885888013006e-06,0.9999999986883696,1.0000000100649988,1.3801273296405734e-06,1.0000000098705595,1.278880794435119e-06,7.724176853685094e-11,-3.54963614057624e-10,-3.1780311715579046e-10
31.0,32.0,0.9999999962143228,0.9999999683607325,3.286464297857826e-06,1.0000001100293632,6.387245503851181e-06,0.9999999949008568,0.9999999746180778,2.707861365357792e-06,1.0000000926994141,5.380564186447293e-06,1.3134660026281608e-09,-6.257345308569029e-09,1.7329949031363867e-08
31.0,83.0,0.9999999975389592,1.000000011642452,9.297071318963514e-07,0.9999999967371712,4.326221003120907e-07,0.9999999975128332,1.0000000117736259,9.394705425902233e-07,0.9999999967005634,4.371834209463379e-07,2.612599026008411e-11,-1.3117396058248687e-10,3.6607827880175137e-11
32.0,31.0,0.99999999,1.0000001616104603,1.0224009434850332e-05,0.9999999450464235,3.9731929603611285e-06,0.99999999,1.0000001874128217,1.1861014409540144e-05,0.999999936178355,4.609100842564033e-06,0.0,-2.58023613586289e-08,8.868068501755033e-09
32.0,33.0,0.99999999,1.0000001488956256,9.924646760339295e-06,0.9999999743575152,4.1958193387101196e-06,0.99999999,1.0000001513693604,1.0093522603086099e-05,0.9999999738580263,4.265907052556509e-06,0.0,-2.4737347725789505e-09,4.994888946896481e-10
32.0,84.0,0.99999999,1.0000002840510476,1.7164459887743796e-05,0.9999999020268296,6.334842812563239e-06,0.99999999,1.0000002443233469,1.4752081483963611e-05,0.9999999159799603,5.443304972036382e-06,0.0,3.972770068472187e-08,-1.3953130650889989e-08
33.0,32.0,0.9999999963516224,1.000000039546395,5.85193133396138e-06,1.0000000527811135,5.188221907003928e-06,0.9999999963310446,1.0000000389808363,5.761792009668941e-06,1.0000000519167067,5.105575759660413e-06,2.057776171682235e-11,5.65558710974301e-10,8.644067683860612e-10
33.0,34.0,1.0000000035068295,0.9999999838367621,7.661642454254702e-06,1.0000001729686125,1.1462353392239422e-05,1.0000000034374643,0.9999999839918666,7.5859038260986715e-06,1.0000001712169089,1.134968461170467e-05,6.93651802663453e-11,-1.5510448481137473e-10,1.751703671004634e-09
34.0,33.0,0.9999999946424714,1.000000288363912,1.684818711575535e-05,0.9999999269649102,6.5402716546214195e-06,0.9999999945832008,1.0000002913090154,1.7015460860307818e-05,0.9999999262525168,6.605805625801874e-06,5.927058843724353e-11,-2.945103272367078e-09,7.123934775421503e-10
34.0,86.0,0.9999999946938148,1.0000002844266704,1.6323416838755925e-05,0.9999999150603501,6.069048483867079e-06,0.9999999947436384,1.0000002840152225,1.631909731967783e-05,0.9999999102219327,6.05258596668438e-06,-4.982358969840561e-11,4.1144798679226824e-10,4.838417444474885e-09
35.0,36.0,0.99999999,1.000000133012435,8.480701911597425e-06,0.9999999477238861,3.1187753492048434e-06,0.99999999,1.0000001375058583,8.769064129640788e-06,0.9999999459495024,3.2253822796079696e-06,0.0,-4.493423189089185e-09,1.7743837510408866e-09
35.0,87.0,0.99999999,1.0000001116181136,7.795363423794775e-06,0.9999999796121583,3.1702359640263408e-06,0.99999999,1.0000001184694018,8.267398458317975e-06,0.9999999778698783,3.3627293133746752e-06,0.0,-6.851288203435502e-09,1.7422799869493133e-09
36.0,35.0,0.9999999950613614,0.9999999598324073,2.2446808581553307e-06,1.0000000779961673,4.561011766958162e-06,0.9999999973012426,0.9999999611426084,2.1711635424953997e-06,1.000000075473417,4.413427555461816e-06,-2.2398811694301912e-09,-1.3102010587573432e-09,2.5227502309377314e-09
36.0,88.0,0.9999999985278428,0.9999999908102966,8.194574438639421e-07,1.000000017986472,1.1079787217107403e-06,1.0,0.9999999880297145,1.0289724907565573e-06,1.000000022246232,1.365574960606208e-06,-1.4721571739428896e-09,2.7805820979054374e-09,-4.259759878166847e-09
38.0,40.0,0.9999999981923392,1.0000000020038475,2.6595339110731266e-07,0.9999999995047252,1.4350614136621369e-07,0.9999999981472948,1.0000000020695305,2.747035070828185e-07,0.9999999994885583,1.4818899831522995e-07,4.50444126443017e-11,-6.568301458287351e-11,1.6166845639986605e-11
40.0,38.0,0.9999999973853012,0.99999999603163,2.446797629433965e-07,1.00000000083234,3.220351744513886e-07,0.999999997449063,0.999999996152064,2.372444698331951e-07,1.0000000008067562,3.1210195576939544e-07,-6.376177363875968e-11,-1.204339961091705e-10,2.5583757334857182e-11
40.0,92.0,0.9999999901051756,0.9999999445683122,2.6808790669321874e-06,1.0000000644537443,5.105156805288066e-06,0.99999999,0.9999999594771178,1.95995118335448e-06,1.0000000471757509,3.736996924035003e-06,1.0517564597023465e-10,-1.4908805634483713e-08,1.7277993480391274e-08
41.0,42.0,0.9999999963380524,1.0000000019527544,9.027265258319423e-07,1.0000000028833276,6.822490563377322e-07,0.9999999963134034,1.000000001965989,9.093218967019105e-07,1.0000000029037872,6.87241161145985e-07,2.46489495481228e-11,-1.3234524587346641e-11,-2.0459633987002235e-11
41.0,93.0,0.999999997348588,0.9999999809090153,1.8390927275397523e-06,1.000000050251917,3.269559207596032e-06,0.9999999973618848,0.9999999810490418,1.8255575325973169e-06,1.0000000498641117,3.2449548300137246e-06,-1.3296808099028112e-11,-1.4002643489163802e-10,3.878053433936657e-10
42.0,41.0,0.999999996072219,1.000000002411998,9.718489891751705e-07,1.0000000020170456,6.940889601862649e-07,0.9999999960955814,1.0000000023926503,9.648343337216325e-07,1.000000002001569,6.890887593064062e-07,-2.336242310718717e-11,1.9347634605537678e-11,1.5476731007879607e-11
42.0,43.0,1.0,0.9999999991440953,1.232576978101924e-06,1.0000000056491096,1.2327175074308888e-06,1.0,0.9999999991620244,1.19983518636874e-06,1.0000000054989902,1.2003989756901205e-06,0.0,-1.7929102646974115e-11,1.5011947240850532e-10
42.0,94.0,0.9999999979648116,0.9999999931053563,1.2835419661094556e-06,1.0000000248716678,1.8351879665025595e-06,0.9999999979169836,0.9999999927850767,1.3437209142219866e-06,1.0000000260076571,1.919718130992182e-06,4.7828074833944356e-11,3.2027958063451933e-10,-1.135989302625262e-09
43.0,42.0,0.9999999974979544,1.000000007061593,9.06016434027526e-07,1.0000000025697628,6.652346383572579e-07,0.9999999974503886,1.0000000072554935,9.311410150576705e-07,1.0000000026423799,6.838943109958197e-07,4.7565840155527894e-11,-1.939004512507836e-10,-7.261702350547239e-11
43.0,44.0,0.9999999974246474,1.000000008325441,1.3042425069253617e-06,1.0000000100313116,1.0966692561502904e-06,0.9999999975183816,1.0000000095612176,1.4987302855345068e-06,1.0000000115251504,1.26024757081574e-06,-9.37342425899601e-11,-1.235776592167781e-09,-1.4938388304130967e-09
44.0,43.0,0.99999999,1.0000000110452036,3.3433632470387325e-06,0.9999999988745139,2.178536091114081e-06,0.99999999,1.0000000097779316,2.960961879878751e-06,0.9999999989919282,1.9288252815675474e-06,0.0,1.2672720650641622e-09,-1.1741430050449253e-10
44.0,45.0,0.99999999,1.0000000054250908,2.7326386475250444e-06,1.0000000144671988,2.081761019270212e-06,0.99999999,1.0000000056053098,2.8239978495006974e-06,1.0000000149225696,2.149837376021376e-06,0.0,-1.8021895087372286e-10,-4.553708521370936e-10
44.0,96.0,0.99999999,1.0000000141633736,3.493834420336213e-06,0.9999999953119058,2.0362558712276164e-06,0.99999999,1.000000013449503,3.3201558133269523e-06,0.9999999955259787,1.93402504459148e-06,0.0,7.138705182541116e-10,-2.1407298156361776e-10
45.0,44.0,0.99999999,1.0000000329694698,3.3539727631323366e-06,0.9999999995863367,1.6923474817953439e-06,0.99999999,1.0000000297901388,2.9898777541853553e-06,1.0000000000493163,1.4875213593036616e-06,0.0,3.1793310206751357e-09,-4.6297965461405965e-10
45.0,46.0,0.99999999,1.0000000253855599,3.163365033807228e-06,1.0000000138514278,2.0448167142966845e-06,0.99999999,1.000000024683215,3.0756496076738464e-06,1.00000001346207,1.9877321991306583e-06,0.0,7.02344848946268e-10,3.893578792713015e-10
45.0,97.0,0.99999999,1.000000029810398,3.3116814733013248e-06,0.9999999977573554,1.8794276601197786e-06,0.99999999,1.000000029874885,3.3182014287059845e-06,0.9999999977434898,1.882760615504135e-06,0.0,-6.448708234074729e-11,1.386557535454358e-11
46.0,45.0,0.99999999,1.0000000519518362,5.926824808272244e-06,0.9999999903059312,2.7112348958766647e-06,0.99999999,1.000000053449338,6.100678085542341e-06,0.9999999900213634,2.7909768010964064e-06,0.0,-1.497501900260545e-09,2.8456781375751916e-10
46.0,47.0,0.99999999,1.0000000417279278,4.971560780829115e-06,0.9999999776317163,2.4151932029420432e-06,0.99999999,1.0000000416980392,4.970100594568111e-06,0.9999999776249161,2.4148329886195817e-06,0.0,2.9888536090538764e-11,6.800227048131546e-12
47.0,46.0,0.9999999982171616,1.0000000035041834,7.777194030962282e-07,1.0000000167705574,1.0838051820451425e-06,0.9999999982125954,1.0000000035034387,7.777318638556286e-07,1.0000000167723988,1.08389367375581e-06,4.566125255678344e-12,7.44737604918555e-13,-1.8414159086432846e-12
47.0,48.0,0.99999999,1.000000005525178,7.619889728639758e-07,0.9999999430168679,9.096142611595527e-07,0.99999999,1.0000000054419933,7.499871021470007e-07,0.999999943895879,8.952803357889481e-07,0.0,8.31847923876694e-11,-8.790110861411904e-10
47.0,99.0,0.9999999963457912,0.9999999895233845,1.4188981434151027e-06,1.0000000483957767,2.8040419970979928e-06,0.9999999962940408,0.9999999893543707,1.4417058043781811e-06,1.0000000491496674,2.8484063300786224e-06,5.175038175764257e-11,1.6901380295308854e-10,-7.538907276227746e-10
48.0,47.0,0.99999999,0.9999999947594903,5.303724292970159e-07,1.0000000077495577,1.3004896214977524e-06,0.99999999,0.9999999946758519,5.389959308099938e-07,1.0000000078719835,1.3216326475897881e-06,0.0,8.363842951553124e-11,-1.2242584723765049e-10
48.0,100.0,0.999999994965708,0.9999999731764438,1.6326544137440585e-06,1.0000000679177699,3.616538146148586e-06,0.9999999950135924,0.9999999736795873,1.6031642924552252e-06,1.0000000665141044,3.5508928512665695e-06,-4.788436314129285e-11,-5.031434158198067e-10,1.4036654061300169e-09
51.0,103.0,0.9999999727649782,0.9999995228552573,2.127009948190608e-05,1.0000009053553716,4.471742976494068e-05,0.9999999831769402,0.9999995467384014,2.0197584400804336e-05,1.000000862325838,4.247872834390288e-05,-1.041196195927796e-08,-2.3883144129044354e-08,4.302953349188954e-08
52.0,104.0,0.99999999,0.999999988421998,2.377463214836368e-06,0.9999999819377333,8.430480901249456e-07,0.99999999,0.9999999898389531,2.082709469342514e-06,0.9999999841814255,7.384910827356196e-07,0.0,-1.4169551088016874e-09,-2.243692232006822e-09
67.0,15.0,0.99999999,1.0000001193958488,7.926744825666462e-06,0.9999999642804971,3.0161961194119083e-06,0.99999999,1.0000001174742141,7.801037036781454e-06,0.9999999648516229,2.968297143513458e-06,0.0,1.9216346291983655e-09,-5.711258133089814e-10
67.0,68.0,0.99999999,1.0000000995275788,7.745978789523454e-06,1.0000000006712695,3.8768385439258464e-06,0.99999999,1.0000001011274566,7.87294114249716e-06,1.000000000689965,3.940704013822367e-06,0.0,-1.59987778580728e-09,-1.869548960087286e-11
68.0,16.0,0.99999999,1.000000104235257,7.67564957455722e-06,0.9999999548675743,2.8912463315337036e-06,0.99999999,1.0000001113642494,8.201219648511883e-06,0.9999999517640399,3.089341544970078e-06,0.0,-7.128992285387881e-09,3.1035344294494394e-09
68.0,67.0,0.99999999,1.000000101510336,9.50647477282196e-06,1.0000000080297002,5.121887302560514e-06,0.99999999,1.0000000998722613,9.354318988285797e-06,1.000000007908033,5.04015266832317e-06,0.0,1.6380745648802986e-09,1.2166734286722658e-10
68.0,70.0,0.99999999,1.00000012759237,8.886720317966211e-06,0.9999999319394673,3.2198345747559667e-06,0.99999999,1.000000123465818,8.599802207810564e-06,0.9999999341211198,3.1159192281785473e-06,0.0,4.1265519890032465e-09,-2.181652414279256e-09
70.0,18.0,0.999999997073503,0.9999999949613502,1.603433505001456e-07,0.999999999552208,3.122031673472243e-07,0.9999999972568052,0.9999999953488289,1.4801572144059196e-07,0.9999999995865714,2.88204651949503e-07,-1.8330226225771185e-10,-3.8747871577982096e-10,-3.436340101359292e-11
70.0,68.0,0.9999999976554286,0.9999999779797492,9.61570876650966e-07,1.0000000424190176,2.228946997317089e-06,0.999999997592556,0.9999999772194474,9.946541162832012e-07,1.0000000438781942,2.305628603265319e-06,6.287259601833739e-11,7.603017104784726e-10,-1.4591765573612747e-09
70.0,124.0,0.999999996844678,0.9999999942116573,1.8354363792037856e-07,0.9999999999493149,3.429288636332755e-07,0.999999996899516,0.9999999943426885,1.793912475197414e-07,0.9999999999504109,3.351746636586947e-07,-5.4838023011427595e-11,-1.3103118590152008e-10,-1.0960121699099545e-12
71.0,19.0,0.999999998602378,0.9999999946173751,1.769305030073454e-07,1.0000000034109298,2.1962343823804223e-07,0.999999998600668,0.9999999946174896,1.7692774492508643e-07,1.000000003410911,2.1962323342440054e-07,1.7099655025276661e-12,-1.1446399383885364e-13,1.865174681370263e-14
71.0,72.0,0.99999999,0.999999963872249,1.3893310381053056e-06,0.9999999915622142,3.0501392756273165e-06,0.99999999,0.9999999670089302,1.269382399403293e-06,0.9999999922580597,2.7872132089870723e-06,0.0,-3.136681248072648e-09,-6.958454923378099e-10
71.0,125.0,0.9999999974199998,0.999999992173444,2.6570538151625667e-07,0.9999999914652679,2.5308547915337973e-07,0.999999997583996,0.9999999912824303,2.9596181105610965e-07,0.9999999904925858,2.8192292380675795e-07,-1.639962610155976e-10,8.91013707260413e-10,9.726820460187469e-10
72.0,20.0,0.999999997291583,0.9999999871878008,1.7549954551274089e-06,1.0000000613325808,3.5571221008660856e-06,0.9999999971456718,0.9999999863026287,1.8767332759128348e-06,1.0000000655597305,3.8022628389360172e-06,1.4591117203366366e-10,8.851721577940452e-10,-4.227149741353742e-09
72.0,71.0,0.9999999981057875,1.0000000070341573,3.8735699675736716e-07,0.9999999975308382,1.8206847560696665e-07,0.9999999979672264,1.0000000077738962,4.280678628382902e-07,0.9999999972705955,2.0123096749622522e-07,1.3856116254373774e-10,-7.397389367724827e-10,2.602427162656795e-10
72.0,73.0,0.9999999985289448,1.0000000050408766,2.861311588699038e-07,0.9999999993430515,1.4957984438270996e-07,0.9999999985314204,1.0000000050309714,2.8584261959148776e-07,0.9999999993476424,1.4901058493833376e-07,-2.475575300309174e-12,9.905187781100722e-12,-4.590883229127485e-12
73.0,21.0,0.999999930985682,0.999999544454621,1.6484498538945572e-05,1.000000259385421,2.3798064111103004e-05,0.9999999815319904,0.9999997582085356,8.725907936973431e-06,1.0000001386286659,1.281597536031344e-05,-5.054630847212138e-08,-2.1375391456857074e-07,1.207567550398636e-07
73.0,72.0,0.99999999,0.9999999769791745,8.969968096995863e-07,0.9999999939021671,1.855134280783395e-06,0.99999999,0.999999976869984,8.998382652257116e-07,0.9999999938831964,1.858111239317717e-06,0.0,1.0919054549418661e-10,1.8970713888677437e-11
73.0,74.0,0.9999999980071552,0.9999999615737636,1.4098960049653325e-06,1.0000000371316038,2.3550788593297264e-06,1.0000000013723684,0.9999999374767211,2.288290012616331e-06,1.0000000589671953,3.715378766817491e-06,-3.3652132191974715e-09,2.4097042472526198e-08,-2.183559155710668e-08
73.0,127.0,0.9999999972479,0.999999967909386,1.069053914663082e-06,1.0000000470393795,2.1668990644392132e-06,0.9999999975177128,0.9999999662450232,1.1216670087391332e-06,1.0000000476016402,2.2520040690646392e-06,-2.6981283873794837e-10,1.6643627587242804e-09,-5.622606824573495e-10
74.0,22.0,0.99999999,1.0000000172653407,2.8732291213102054e-06,1.0000000048063187,1.5569488875066564e-06,0.99999999,1.0000000184517268,3.2134709284350232e-06,1.000000004923558,1.753900862464993e-06,0.0,-1.1863861004712817e-09,-1.172393293558116e-10
74.0,73.0,0.9999999864338972,1.0000001156163536,1.3292102956926483e-05,0.9999999218255027,5.006914053624765e-06,0.99999999,1.0000000870121177,9.963460351650972e-06,0.9999999418055817,3.702074334421719e-06,-3.5661027464328754e-09,2.860423586881211e-08,-1.998007903569743e-08
74.0,75.0,0.99999999,1.0000000470742114,5.668047183803328e-06,0.9999999682260392,2.1758544676571204e-06,0.99999999,1.0000000402022877,4.852815768613155e-06,0.9999999728041996,1.8603390610097133e-06,0.0,6.8719236967496045e-09,-4.578160406332188e-09
75.0,23.0,0.9999999982676044,0.9999999630469523,1.992697753081251e-06,1.0000000803470153,4.296912139832788e-06,0.99999999817048,0.9999999591095015,2.2052155419945963e-06,1.0000000887999003,4.748601127687565e-06,9.712441961795548e-11,3.9374508098433125e-09,-8.452885058574111e-09
75.0,74.0,0.999999998809976,0.9999999878334774,9.607779273722075e-07,1.0000000216867366,1.441961633322454e-06,0.9999999987582382,0.9999999852379513,1.165033307259301e-06,1.0000000262552189,1.7448682987607853e-06,5.173783623746431e-11,2.5955261273580277e-09,-4.568482259159623e-09
75.0,76.0,0.9999999977890328,0.9999999976275259,2.983148349544202e-07,0.9999999989407966,2.924425185606583e-07,0.9999999977542268,0.9999999976273279,2.983469302238594e-07,0.9999999989405205,2.925054446341096e-07,3.480604693351097e-11,1.979527652906654e-13,2.7611246622427643e-13
75.0,129.0,0.9999999914051532,0.9999998944833063,5.692133626049488e-06,1.0000001769806506,1.1743353998482386e-05,0.9999999907848494,0.9999999208861466,4.2609900646343835e-06,1.0000001350379415,8.950696063729517e-06,6.203038083185675e-10,-2.6402840358485946e-08,4.194270908364217e-08
76.0,24.0,0.9999999959485588,0.9999999668341504,1.993775844591376e-06,1.0000000734717223,4.315120671633292e-06,0.999999992798208,0.9999999598574182,2.4126633890537932e-06,1.0000000888235037,5.217396907475208e-06,3.1503508690633453e-09,6.9767321919655956e-09,-1.535178140166238e-08
76.0,75.0,0.9999999979875556,1.0000000002257503,2.733355335234009e-07,0.9999999997282689,2.212797815833053e-07,0.9999999979879608,1.0000000002257874,2.7328404704927745e-07,0.9999999997282418,2.2125993361123245e-07,-4.0523140398818214e-13,-3.708144902248023e-14,2.708944180085382e-14
76.0,130.0,0.9999999982468798,1.0000000000384364,2.761093060112765e-07,1.0000000011908294,2.4713103710984045e-07,0.9999999982207888,1.0000000000392664,2.7981391551173424e-07,1.0000000012072785,2.5058016877363377e-07,2.6091018234808416e-11,-8.30002733209767e-13,-1.644906433284632e-11
77.0,25.0,0.9999999999954812,0.999999997877601,1.7162068472731124e-06,1.0000000276427574,2.008838574602591e-06,0.9999999999949007,0.9999999978720293,1.7162555870146862e-06,1.0000000276569951,2.0092496347493887e-06,5.804245972740318e-13,5.571654249081348e-12,-1.4237722112397933e-11
79.0,27.0,0.99999999,1.0000000649773897,7.478107135314159e-06,0.9999999910721645,3.531163968757674e-06,0.99999999,1.0000000692431812,7.97804382292513e-06,0.999999990516579,3.769075185485511e-06,0.0,-4.26579149781503e-09,5.555855775440932e-10
79.0,81.0,0.99999999,1.0000001020177405,9.230583199421586e-06,0.9999999459163511,3.3775480450388576e-06,0.99999999,1.0000001036701356,9.386277403598845e-06,0.9999999450138943,3.4347423500336996e-06,0.0,-1.6523951096303335e-09,9.024567759752244e-10
79.0,133.0,0.99999999,1.0000000694233455,7.4549548542336275e-06,0.9999999710984449,3.2309934878700136e-06,0.99999999,1.0000000692770932,7.446701408900578e-06,0.9999999711191833,3.2280599782800553e-06,0.0,1.4625234356913097e-10,-2.073841098848561e-11
81.0,79.0,1.0000000008154726,0.9999999788017288,1.3727057217863463e-06,1.000000027969046,1.7715144628780918e-06,1.0000000007794752,0.9999999791667507,1.34880516653603e-06,1.0000000274920284,1.7410493946514818e-06,3.5997427261236226e-11,-3.6502190159382053e-10,4.770175365820251e-10
81.0,135.0,0.9999999985990486,0.9999999648321433,1.8555593211398938e-06,1.0000000549195136,3.2601942317627515e-06,0.99999999912401,0.9999999644486116,1.8757409089873838e-06,1.0000000543569,3.2485831792650813e-06,-5.249614076774378e-10,3.835316508826736e-10,5.626135113345754e-10
82.0,83.0,0.9999999976576128,0.999999996790811,2.9299892703020537e-07,1.0000000008039047,3.234600551556979e-07,0.9999999979943224,0.9999999974342796,2.3426526426077603e-07,1.0000000006426772,2.5864297499582856e-07,-3.367095491313421e-10,-6.434686117273714e-10,1.6122747581448493e-10
82.0,136.0,0.9999999960579664,0.9999999825411555,8.807198952340461e-07,1.0000000288749313,1.9251057023661873e-06,0.9999999961902896,0.9999999831335301,8.570422002987388e-07,1.0000000279938073,1.8737264611104293e-06,-1.3232315243527637e-10,-5.923745938218872e-10,8.81124062601657e-10
83.0,31.0,0.9999999953455349,0.9999999885509694,6.868329328231907e-07,1.0000000098194175,1.2230042200083245e-06,0.9999999953857166,0.9999999886671295,6.796666506583614e-07,1.000000009709543,1.210324137318709e-06,-4.018174681874598e-11,-1.1616008155357349e-10,1.0987455389965817e-10
83.0,82.0,0.9999999971425656,0.9999999975242879,2.946561359680761e-07,0.9999999970321884,1.8472932749039876e-07,0.9999999963505416,0.9999999966964743,3.9322004347109846e-07,0.9999999960385049,2.465631010544078e-07,7.920240019387847e-10,8.278135954498111e-10,9.936835798640686e-10
83.0,84.0,0.999999987216811,0.9999999932791521,6.000152132996895e-07,1.000000008003238,5.517613077775496e-07,0.9999999882508588,0.999999992994815,6.281171961534311e-07,1.0000000084358942,5.779950429638893e-07,-1.0340477363257605e-09,2.8433710941300205e-10,-4.3265613314247275e-10
83.0,137.0,0.9999999948193068,0.9999999591772273,1.6646506873636838e-06,1.0000000673076677,3.497056777686988e-06,0.9999999918455056,0.9999999546650054,1.813562604318986e-06,1.0000000691457458,3.7131848497437973e-06,2.9738012052860086e-09,4.512221929431348e-09,-1.8380781341420516e-09
84.0,32.0,1.0000000036840566,0.9999999523197449,3.907972924709566e-06,1.0000000853128508,5.775250898751022e-06,1.0000000041779409,0.9999999394676438,4.670055741220123e-06,1.0000001027445122,6.911688004031719e-06,-4.938842668167354e-10,1.2852101161087148e-08,-1.7431661447631086e-08
84.0,83.0,0.99999999,0.9999999969473269,2.983964174492091e-06,0.9999999829701853,1.1280647385591786e-06,0.99999999,0.9999999955371615,2.8479511974894423e-06,0.9999999839941487,1.0775783309428675e-06,0.0,1.4101654288722898e-09,-1.0239633585484853e-09
84.0,138.0,0.99999999,0.9999995474768716,1.7525672093268672e-05,1.0000008290730602,4.0749218581116496e-05,1.000000003963519,0.9999994449901634,2.2755248734453036e-05,1.0000012022924867,5.595460275966849e-05,-1.3963519118753709e-08,1.0248670823109762e-07,-3.7321942647494666e-07
86.0,34.0,0.999999996369,0.9999999284185805,5.0251302157486894e-06,1.0000001824525326,1.0530925722377385e-05,0.9999999960199188,0.9999999352259058,5.049606465956464e-06,1.0000001816522186,1.0533678967241094e-05,3.4908120838395007e-10,-6.807325259039487e-09,8.003140372636608e-10
86.0,87.0,1.0000000065151209,1.0000000150120036,2.7621954295273007e-06,1.000000020843509,2.318746365286293e-06,0.9999999938639283,1.0000000158507176,2.0859145671539506e-06,1.0000000158852709,1.7006790597836599e-06,1.2651192538015721e-08,-8.387139871501859e-10,4.95823804236295e-09
86.0,140.0,0.9999999894850716,0.9999941629202636,0.00021822520017762117,1.0000110643098934,0.0004105114822398198,0.9999999379429708,0.9999963015336609,0.00013451679954286336,1.0000065335811725,0.0002446665243740633,5.1542100809598423e-08,-2.1386133973733124e-06,4.530728720864019e-06
87.0,35.0,0.99999999,1.0000000248495793,6.202832399835832e-06,1.0000000389908732,5.0200430569521935e-06,0.99999999,1.000000024054035,5.861662924496352e-06,1.0000000373213573,4.744578874954903e-06,0.0,7.955442971052662e-10,1.669515858893078e-09
87.0,86.0,0.99999999,1.000000035157367,4.483942300785946e-06,0.9999999928664675,1.9998321109806966e-06,0.99999999,1.000000046824128,5.939188176793714e-06,0.9999999860836336,2.604884089297419e-06,0.0,-1.1666760890705064e-08,6.782833850138559e-09
87.0,88.0,0.99999999,1.0000000362849994,4.137626993616117e-06,0.9999999911843357,1.8016659126091303e-06,0.99999999,1.00000003665601,4.137963940429023e-06,0.9999999914382374,1.8003555904571947e-06,0.0,-3.710105556109511e-10,-2.5390167746053294e-10
87.0,141.0,0.9999999938874076,0.9999990674577185,4.648746725477911e-05,1.00000196434428,9.76049844777172e-05,0.9999999950514632,0.9999992337798419,3.825362716668716e-05,1.0000015996704505,8.052197143065586e-05,-1.1640556296654836e-09,-1.663221234071699e-07,3.6467382935612136e-07
88.0,36.0,0.99999999,1.000000057189677,7.254854263663137e-06,0.9999999575802324,2.700223459066141e-06,0.99999999,1.000000053789096,6.729978746332095e-06,0.9999999612638065,2.455555945477197e-06,0.0,3.4005809279591404e-09,-3.6835741124008337e-09
88.0,87.0,0.99999999,1.0000000314947766,4.9206220669067015e-06,0.9999999930566502,2.0949573129580603e-06,0.99999999,1.0000000316144342,4.926815536353478e-06,0.9999999926723326,2.0959060990934323e-06,0.0,-1.1965761714805012e-10,3.8431757776180575e-10
88.0,89.0,0.99999999,1.000000041129133,5.949601075056789e-06,0.9999999843185213,2.4387971423038594e-06,0.99999999,1.0000000376126499,5.4418854589128905e-06,0.9999999856370618,2.2297575515055606e-06,0.0,3.5164831047040934e-09,-1.318540499006815e-09
89.0,88.0,0.99999999,1.0000000170543948,2.7453641912849747e-06,1.000000002600389,1.344946072310437e-06,0.99999999,1.0000000197465322,3.2972446388128627e-06,1.0000000027564384,1.6385758073681094e-06,0.0,-2.6921374018940014e-09,-1.560493956276332e-10
89.0,90.0,0.99999999,1.0000000111332357,3.111421053840055e-06,0.9999999930137536,2.180512796684606e-06,0.99999999,1.0000000106875597,2.989952674155676e-06,0.9999999932580391,2.096282856103388e-06,0.0,4.456759405968569e-10,-2.4428548073274214e-10
90.0,89.0,0.9999999984203862,1.0000000059983043,7.058538269046935e-07,1.0000000100975623,7.757137093413542e-07,0.9999999983187464,1.0000000062487344,7.354760101191785e-07,1.0000000105246851,8.084145300980776e-07,1.0163980768140846e-10,-2.5043012108483254e-10,-4.2712278158774097e-10
90.0,92.0,0.9999999948023038,0.999999999652566,1.484773225565797e-06,1.0000000282856247,2.468698410128667e-06,0.99999999052253,0.999999999605229,1.5338535787852504e-06,1.0000000292758608,2.5542822016298884e-06,4.279773868631764e-09,4.733702319015265e-11,-9.902361153280026e-10
90.0,144.0,0.99999999,0.999999960949852,3.155597646676178e-06,1.000000075769266,6.676035446921986e-06,0.99999999,0.9999999708930997,2.551494431311429e-06,1.0000000616460194,5.3984768209527e-06,0.0,-9.943247669674804e-09,1.4123246572239623e-08
92.0,40.0,0.9999999970633572,1.0000000288404038,1.9663082337979595e-06,0.9999999904876897,7.569596041379578e-07,0.9999999956749231,1.0000000456673557,3.1133354185350278e-06,0.9999999849230123,1.1997458783827182e-06,1.3884340344105794e-09,-1.6826951831916404e-08,5.564677385549999e-09
92.0,90.0,1.0000000057972993,1.0000000196158654,2.8213328558529595e-06,1.0000000002540101,2.7525827436958294e-06,1.0000000058599177,1.0000000189662241,2.7315420216277974e-06,1.0000000002156832,2.6701736257571693e-06,-6.261835494569823e-11,6.496412296996823e-10,3.832689721150473e-11
92.0,93.0,0.9999999970269098,1.0000000051664926,2.7105453509319168e-06,1.0000000483767402,3.637700486266909e-06,0.9999999965140164,1.0000000055978808,2.9694900065905713e-06,1.0000000530626652,3.989527332213242e-06,5.128933944220648e-10,-4.313882584483508e-10,-4.685924981373546e-09
93.0,41.0,0.9999999954104224,1.0000000690432291,4.60747427888032e-06,0.9999999788857628,1.8058043241475067e-06,0.9999999953754178,1.0000000695785138,4.64324620189539e-06,0.9999999787177105,1.8196112742702845e-06,3.500455481031395e-11,-5.352847054496124e-10,1.680522387914607e-10
93.0,92.0,0.9999999945953588,1.000000078414745,6.508526265215833e-06,0.9999999993410043,3.781925179069799e-06,0.9999999949727316,1.000000072043953,5.9825364182228625e-06,0.9999999994698089,3.4805832694386715e-06,-3.77372799675868e-10,6.370791894028116e-09,-1.2880463362563432e-10
93.0,94.0,0.99999999,1.0000000818995682,6.6927932645924545e-06,1.0000000070086335,3.7942941972124776e-06,0.99999999,1.000000084478691,6.90175703273512e-06,1.0000000071459827,3.909392737966793e-06,0.0,-2.5791226931914935e-09,-1.3734924309005692e-10
94.0,42.0,0.999999994797669,1.0000000412404666,3.2378280892999283e-06,0.9999999889570674,1.3370630765408396e-06,0.9999999949751526,1.0000000395294852,3.103605474112393e-06,0.9999999894033248,1.2808080991156851e-06,-1.774835833856514e-10,1.7109813565951981e-09,-4.462573643948531e-10
94.0,93.0,0.9999999891991193,1.0000000332880075,5.623343387505612e-06,1.0000000505996272,5.181943622897644e-06,0.9999999893440312,1.0000000324335168,5.467925447682243e-06,1.0000000490437122,5.0310330974509865e-06,-1.4491197131150102e-10,8.544907004193192e-10,1.555914952433568e-09
94.0,148.0,0.99999999,1.0000000647915308,4.76322202825356e-06,0.9999999809463581,1.7916110810576944e-06,0.9999999947386632,1.0000000550577335,4.0485485432899e-06,0.9999999837988053,1.5220449653250704e-06,-4.7386632395785e-09,9.733797323718818e-09,-2.852447167356331e-09
95.0,96.0,0.99999999,1.0000002153756893,1.5516314459468883e-05,0.9999999100127284,5.881468029305363e-06,0.99999999,1.0000002273801618,1.6385966128339314e-05,0.9999999049516928,6.211288105114359e-06,0.0,-1.2004472527138432e-08,5.061035590614438e-09
95.0,149.0,0.99999999,1.0000002544321465,1.725533653758483e-05,0.999999869244975,6.322387638140177e-06,0.99999999,1.0000002415375329,1.63853320963279e-05,0.9999998758200868,6.003765695508249e-06,0.0,1.289461359910149e-08,-6.575111788365007e-09
96.0,44.0,0.9999999948687266,1.0000000067380128,1.5079044067750278e-06,1.0000000129496849,1.3374179433329924e-06,0.999999994427618,1.0000000071250223,1.5925066416077358e-06,1.0000000136645932,1.4120533722636107e-06,4.4110859409585146e-10,-3.8700953552961437e-10,-7.149083547375312e-10
96.0,95.0,0.9999999989421968,0.9999999848418383,2.512041787434397e-06,1.0000000712639399,4.241017580421456e-06,0.9999999989558706,0.9999999856160049,2.3844955707233496e-06,1.0000000676725243,4.026813116110335e-06,-1.3673728815888353e-11,-7.741666196992014e-10,3.591415609349724e-09
97.0,45.0,0.9999999997608848,1.0000000050704536,1.767075225831355e-06,1.0000000200910666,1.8828601685374826e-06,0.9999999997702288,1.0000000050480184,1.7640887889124052e-06,1.0000000200518115,1.8793935530172218e-06,-9.343970042152705e-12,2.2435164837020238e-11,3.925504366009136e-11
97.0,98.0,0.9999999983193052,0.9999999863150913,2.341195969336363e-06,1.0000000639707558,3.935397978075235e-06,0.9999999970122504,0.9999999854309634,2.4902886972414384e-06,1.0000000680239516,4.184563424018974e-06,1.307054797727858e-09,8.841279930393853e-10,-4.053195779007979e-09
97.0,151.0,0.999999995916258,1.000000015589997,1.3871434743322957e-06,0.9999999914145506,4.917653719693637e-07,0.9999999961143318,1.000000014705714,1.3090538796189788e-06,0.9999999918979469,4.640796150794987e-07,-1.9807377960034955e-10,8.842830911959254e-10,-4.833962119477064e-10
98.0,97.0,0.99999999,1.0000001783404373,1.1978720636401983e-05,0.9999999382031196,4.605169634604398e-06,0.99999999,1.000000168333679,1.1309917834961321e-05,0.9999999416529348,4.347426826594098e-06,0.0,1.0006758310865393e-08,-3.449815211276075e-09
98.0,99.0,0.99999999,1.0000001143355866,9.271372413321084e-06,1.000000002308155,4.68887745563124e-06,0.99999999,1.0000001192228591,9.6704494100852e-06,1.0000000023421038,4.888971609005297e-06,0.0,-4.88727258662891e-09,-3.3948843736197887e-11
99.0,47.0,0.99999999,1.0000000893663976,5.965459015424652e-06,0.9999999666818096,2.715149779557392e-06,0.99999999,1.0000000880925446,5.876251587604069e-06,0.9999999671503023,2.6735592403523742e-06,0.0,1.2738530230649303e-09,-4.684926890874408e-10
99.0,98.0,0.99999999,1.0000000889754654,7.0908073627678135e-06,1.0000000197997798,4.527156787343707e-06,0.99999999,1.0000000856435731,6.817434884113359e-06,1.0000000189686928,4.349288208527218e-06,0.0,3.3318923176040016e-09,8.31086977015616e-10
99.0,100.0,0.99999999,1.0000000810526957,6.576514664683528e-06,1.0000000136277065,3.9813450975225904e-06,0.99999999,1.000000079995957,6.482388469251211e-06,1.0000000131921756,3.921916675631941e-06,0.0,1.0567386965476544e-09,4.3553094464243713e-10
99.0,153.0,0.9999999971423872,0.9999997825056074,1.7702346915177745e-05,1.000000682662452,3.796670647696129e-05,0.999999997147764,0.9999997834071881,1.7641447578428593e-05,1.0000006802749795,3.7835866747647924e-05,-5.376810108259633e-12,-9.015806989864927e-10,2.38747244196702e-09
100.0,48.0,0.99999999,1.000000074042579,4.747916130475546e-06,0.999999881424277,2.132485339544531e-06,0.99999999,1.000000075594646,4.8366072512906625e-06,0.9999998791267016,2.1722051102980318e-06,0.0,-1.5520671414748222e-09,2.2975753521947695e-09
100.0,99.0,0.9999999954598832,1.0000000431064133,4.310362583027016e-06,1.000000029915674,3.4607637726550566e-06,0.999999995439098,1.000000043893607,4.376879874463569e-06,1.000000030368574,3.5132224887178383e-06,2.078515137782233e-11,-7.871936436032456e-10,-4.529001618180928e-10
100.0,101.0,0.9999999902470044,0.9999992446358488,4.055536064538086e-05,1.00000176858486,8.907290381699225e-05,0.9999999906290886,0.9999992710430884,3.9185487386404623e-05,1.0000017071705618,8.6102840467308e-05,-3.820842531254698e-10,-2.6407239617221023e-08,6.14142980914778e-08
100.0,154.0,0.99999999,1.000000075311668,4.67796666438175e-06,0.9999999674007565,1.899650460381383e-06,0.99999999,1.0000000778706777,4.827775376500554e-06,0.9999999663700974,1.9603405016934214e-06,0.0,-2.559009670832779e-09,1.0306591136099996e-09
101.0,100.0,0.9999999920275564,1.0000013453530978,6.980684629940598e-05,0.9999995540606532,2.4659423922878692e-05,0.999999992128969,1.000001393553959,7.229428747885345e-05,0.9999995385001327,2.5547379556998774e-05,-1.0141254502826769e-10,-4.820086108026089e-08,1.556052053874879e-08
101.0,103.0,0.9999999996047731,1.0000009769658535,7.36228098388654e-05,1.0000004197805903,4.9713972029709635e-05,0.999999999584586,1.0000009431404704,7.115903498350515e-05,1.0000004118793882,4.814031651177775e-05,2.018718525675922e-11,3.3825383161101286e-08,7.90120213700618e-09
103.0,51.0,0.9999999972947176,1.0000002821283176,1.3613904469418849e-05,0.9999999019559213,4.8308797440815e-06,0.999999997169645,1.0000002980505487,1.4408997780941173e-05,0.9999998961018206,5.116811091991512e-06,1.250725079060544e-10,-1.5922231089149363e-08,5.8541006486834135e-09
103.0,101.0,0.9999999940610615,0.9999995351882879,3.8347186081195676e-05,1.0000015654316512,8.223503756954605e-05,0.9999999941703974,0.9999995188488602,3.974888464413095e-05,1.0000016185182465,8.515942190706295e-05,-1.0933587368811004e-10,1.6339427699740838e-08,-5.308659534186688e-08
103.0,104.0,0.9999999969342562,1.0000003124172792,1.4910574606115396e-05,0.9999998795108586,5.28299141708089e-06,0.9999999970006384,1.000000304318385,1.455046267853565e-05,0.9999998822914918,5.1579678270281874e-06,-6.638212202147997e-11,8.098894221930664e-09,-2.7806332791868726e-09
103.0,157.0,0.9999999969308232,1.0000003161835183,1.504669790618079e-05,0.999999879869505,5.332816632964575e-06,0.9999999970060832,1.0000003063242193,1.460397324381787e-05,0.9999998832792775,5.178599326220463e-06,-7.526002043789504e-11,9.85929893282389e-09,-3.409772464380012e-09
104.0,52.0,0.9999999984187956,0.9999999950218961,1.4022436279868872e-07,1.0000000043175108,2.42065758941232e-07,0.9999999982365448,0.9999999941971979,1.6344792199220807e-07,1.0000000050324223,2.821412494347733e-07,1.8225077003108936e-10,8.246981986204105e-10,-7.149114633620002e-10
104.0,103.0,0.9999999647066592,0.9999995504353608,1.9835435267465438e-05,1.0000008524270927,4.1748541305170196e-05,0.9999999611578692,0.9999995381217921,2.037218908926617e-05,1.0000008781720175,4.2897176042698566e-05,3.548790039609173e-09,1.23135687202236e-08,-2.5744924858628337e-08
104.0,105.0,0.9999999980076956,0.9999999943391031,1.5896358285344947e-07,1.0000000013103798,2.2965267284610142e-07,0.9999999980916956,0.9999999946355483,1.5064297880401067e-07,1.0000000012417565,2.1764084551732278e-07,-8.400002915465166e-11,-2.96445201719564e-10,6.862332924129078e-11
104.0,158.0,0.9999999988472732,0.9999999960295989,1.1664133794823702e-07,1.0000000005611818,9.309096899459609e-08,0.9999999987728788,0.9999999959205533,1.1984947374302998e-07,1.0000000005765473,9.565779093406291e-08,7.43943795455948e-11,1.0904555036717056e-10,-1.5365486660812167e-11
105.0,104.0,0.9999999966962996,0.999999997057599,3.4830744260092087e-07,0.9999999964212628,1.426259586341298e-07,0.9999999965345876,0.9999999968858132,3.686532170218989e-07,0.9999999962120258,1.509604201654412e-07,1.6171197714243135e-10,1.7178580780097263e-10,2.0923696109065304e-10
105.0,106.0,0.9999999945570172,0.9999999880363549,7.324683946116602e-07,1.0000000017303277,1.0931684647902876e-06,0.999999994812895,0.9999999886649257,6.939001892333593e-07,1.0000000016367527,1.0348340798145076e-06,-2.558778744443657e-10,-6.285707510045313e-10,9.35749255859264e-11
106.0,105.0,0.9999999977372948,1.0000000044737707,4.1057293802177395e-07,0.999999999534339,2.3651864505179817e-07,0.9999999981373612,1.0000000073973971,6.706737780890326e-07,0.9999999991568319,3.9274047963865416e-07,-4.00066424433021e-10,-2.923626452044914e-09,3.7750713666184765e-10
106.0,107.0,0.9999999976248496,1.0000000052703988,4.3488189101559993e-07,0.9999999985917515,1.946340390473629e-07,0.999999997736247,1.0000000049375166,4.074912175260589e-07,0.999999998681211,1.8230814164305892e-07,-1.113974468225365e-10,3.3288216627624934e-10,-8.945955087824586e-11
106.0,160.0,0.9999999959750516,1.0000000041718973,6.843840011666757e-07,0.9999999918644612,7.23238911776092e-07,0.9999999973349876,1.0000000014128092,2.1913569565997818e-07,0.9999999974803844,2.3423496243851354e-07,-1.3599359416360812e-09,2.759088069126392e-09,-5.615923170942949e-09
107.0,106.0,0.999999995313235,0.999999985613884,5.144108986536386e-07,1.0000000022436175,9.062699933308796e-07,0.9999999950223506,0.999999984567355,5.516253006023404e-07,1.000000002404387,9.71228630868287e-07,2.90884427656124e-10,1.0465290856132015e-09,-1.607693977945246e-10
107.0,161.0,0.99999999,0.9999999307505977,3.126608293482337e-06,1.0000000274283827,6.645720874264088e-06,0.99999999,0.9999999351229345,2.9307513703546272e-06,1.0000000255976338,6.2298456102320135e-06,0.0,-4.372336825930745e-09,1.8307488858226861e-09
124.0,70.0,0.9999999965629518,0.9999999990108607,3.789737709945111e-07,0.9999999934499741,1.7486843003875996e-07,0.9999999964960602,0.9999999989874923,3.8794844127991415e-07,0.9999999932946871,1.7901186375543173e-07,6.689160336748046e-11,2.3368418311520145e-11,1.552870054766231e-10
124.0,125.0,0.9999999968415144,0.9999999985517098,3.2461177094317824e-07,0.9999999922478099,2.233509577047516e-07,0.9999999968505838,0.9999999985562188,3.2363781728771213e-07,0.9999999922701399,2.22700596884176e-07,-9.069411888162904e-12,-4.508948769910148e-12,-2.2330026716588236e-11
124.0,177.0,0.9999999784516066,0.9999995591541967,2.1048199778695112e-05,1.00000091928726,4.6461201374262806e-05,0.9999999885360972,0.9999995475321899,2.1669334006420004e-05,1.0000009486608346,4.783904809615708e-05,-1.0084490575934524e-08,1.1622006801381701e-08,-2.9373574461644125e-08
125.0,71.0,0.9999999979625654,0.9999999988825423,2.1190550875227874e-07,0.9999999985077257,2.0777897215524155e-07,0.9999999982965064,0.9999999989863589,1.9224358822962955e-07,0.9999999986460116,1.8850768380066162e-07,-3.3394098597483435e-10,-1.03816621965791e-10,-1.3828593825593316e-10
125.0,124.0,0.9999999974923748,0.9999999983063284,1.660865588485128e-07,0.9999999998147614,2.750494503426515e-07,0.9999999974827738,0.9999999983014415,1.6657829448979779e-07,0.9999999998140479,2.7587959846818505e-07,9.600986672353429e-12,4.8868686874925515e-12,7.135403379265881e-13
125.0,126.0,0.99999999,0.9999999859638038,8.544287047633131e-07,1.0000000153194433,1.8833090238118894e-06,0.99999999,0.9999999833388831,1.0136390221306536e-06,1.0000000181630835,2.233691198324803e-06,0.0,2.6249207252249107e-09,-2.8436402121911897e-09
126.0,125.0,0.9999999959789156,1.0000000245445635,1.8899337374603613e-06,0.9999999702159071,8.697228686554838e-07,0.9999999958256734,1.0000000175567918,1.3723405289770862e-06,0.9999999788915797,6.157786054401056e-07,1.532421967098685e-10,6.987771694610956e-09,-8.675672513724919e-09
126.0,127.0,0.999999997902905,0.9999999962975186,1.3868847179704274e-06,1.0000000406003047,2.0695936081522454e-06,0.999999998076283,0.9999999965850024,1.275832936379076e-06,1.000000035961644,1.8896883947727589e-06,-1.7337808966289003e-10,-2.8748381453169713e-10,4.638660566769204e-09
127.0,73.0,0.99999999,1.0000001947360582,1.1647446551592723e-05,0.9999998867779111,4.554078812513385e-06,0.99999999,1.000000201766391,1.136215695227325e-05,0.9999998910759424,4.375551190832985e-06,0.0,-7.030332760393776e-09,-4.2980313752494226e-09
127.0,126.0,0.99999999,1.000000124209222,8.232229852703013e-06,0.9999999337253414,3.431465979245108e-06,0.99999999,1.0000001557417768,9.440192074483398e-06,0.9999999208595001,3.943785815502687e-06,0.0,-3.1532554789492906e-08,1.286584128123991e-08
127.0,180.0,0.9999999782378306,0.9999978969999103,9.130017578227136e-05,1.0000053648008445,0.00024378724433010492,1.0000000124021888,0.9999984063746845,6.954293634476573e-05,1.0000041101596149,0.00018880618518366543,-3.416435823133668e-08,-5.093747742490606e-07,1.254641229575526e-06
129.0,75.0,0.999999997197098,1.0000000711385884,4.157592943619866e-06,0.9999999758514146,1.5613277491342898e-06,0.9999999962960824,1.0000000992255949,5.79839167352584e-06,0.9999999662903869,2.17910834998592e-06,9.010155954669585e-10,-2.8087006498367373e-08,9.561027747295725e-09
129.0,130.0,0.9999999968863252,1.000000117318122,7.062193033800673e-06,0.9999999686515428,2.752765078009613e-06,0.9999999967477862,1.0000000884862565,5.308181095281804e-06,0.9999999766025838,2.0318752514991935e-06,1.385390691055477e-10,2.8831865561684822e-08,-7.951040936760023e-09
130.0,76.0,0.9999999958004974,0.9999999971632675,6.564498611643479e-07,0.9999999966477897,4.877033170283202e-07,0.999999995858649,0.9999999972086158,6.473904561858212e-07,0.9999999966930196,4.812921319535326e-07,-5.815159465072384e-11,-4.5348280686141607e-11,-4.5229930911716565e-11
130.0,129.0,0.9999999908900934,0.999999953737582,2.72857893672891e-06,1.0000000826369684,5.697587271895151e-06,0.9999999922231184,0.9999999321105041,4.03056799472149e-06,1.000000118183518,8.196875764758405e-06,-1.3330250236975871e-09,2.1627077906316572e-08,-3.5546549703724395e-08
130.0,131.0,0.9999999967536852,0.9999999775127768,1.4312763761168895e-06,1.0000000474385846,2.903149495408497e-06,0.9999999978233388,0.9999999718463397,1.8028364522152614e-06,1.000000057362263,3.530003773758721e-06,-1.0696535879262115e-09,5.666437097318067e-09,-9.923678323531249e-09
130.0,183.0,0.9999999948052594,0.9999988146954503,5.417281580820355e-05,1.0000029532424342,0.00014326350332619718,0.9999999955080658,0.999998844853391,5.2726438249860816e-05,1.0000028564165904,0.00013945033078971615,-7.028064796799072e-10,-3.015794070027056e-08,9.682584378722936e-08
131.0,130.0,0.99999999,1.0000001060221548,6.8401647577758366e-06,0.9999999624378042,2.4858550640925344e-06,0.99999999,1.0000000958513584,6.185369312721141e-06,0.9999999660161529,2.2475017821011903e-06,0.0,1.017079642728902e-08,-3.578348728439096e-09
131.0,132.0,0.9999999946372068,1.000000071415491,6.019519330123034e-06,1.0000000135299612,3.4987943311984295e-06,0.999999994551162,1.000000072519283,6.113070117432705e-06,1.0000000137016343,3.5514931933770254e-06,8.604483792140627e-11,-1.1037919467327129e-09,-1.7167312016397318e-10
131.0,184.0,0.99999999,1.0000001229951943,7.857421112104239e-06,0.9999999544425076,2.884740004282527e-06,0.99999999,1.0000001243838414,7.948204273799972e-06,0.9999999539784101,2.9178728638528406e-06,0.0,-1.3886471972313075e-09,4.6409742715525226e-10
132.0,131.0,0.99999999,1.0000000931926016,8.078855915304245e-06,1.0000000076776012,4.469137959696666e-06,0.99999999,1.00000009186552,7.962483658914154e-06,1.0000000075396553,4.40371480063218e-06,0.0,1.3270815557575588e-09,1.3794587694349048e-10
132.0,133.0,0.99999999,1.0000001069300846,7.992369196292288e-06,0.9999999670560117,3.443206912595842e-06,0.99999999,1.0000001110440084,8.299371386352325e-06,0.9999999657495232,3.5751545514327352e-06,0.0,-4.11392386823195e-09,1.3064884729629966e-09
132.0,185.0,0.999999992179762,1.0000000683928099,8.675753204052975e-06,1.0000000683047823,7.277664023454105e-06,0.9999999925922008,1.0000000673608953,8.549077450186732e-06,1.000000067428206,7.1774978833210775e-06,-4.124388608417462e-10,1.0319145538062457e-09,8.765763670481874e-10
133.0,79.0,1.0,1.0000000088883907,1.3400102047078543e-06,1.0000000193423055,1.401365416562865e-06,1.0,1.0000000089088186,1.3404479082768619e-06,1.0000000193451979,1.4016824653117144e-06,0.0,-2.0427881608497955e-11,-2.892353023753458e-12
133.0,132.0,0.9999999985772184,0.99999999880359,1.997653399105939e-06,1.000000047434167,3.025336149572788e-06,0.99999999859974,0.9999999988738061,1.9263140087332037e-06,1.0000000457267495,2.917070697061434e-06,-2.2521540188336076e-11,-7.021605519241803e-11,1.7074175406861514e-09
133.0,135.0,0.9999999981612844,0.9999999995890141,2.05346218281452e-06,1.0000000490314294,3.1260021347915838e-06,0.999999997753456,1.0000000006317866,1.7047651179612299e-06,1.0000000404633167,2.5973180962846015e-06,4.0782832666508284e-10,-1.0427725349870798e-09,8.568112663809302e-09
133.0,186.0,0.9999999983544616,1.0000000126218695,1.3869708362338818e-06,1.0000000082066838,1.1579037901230349e-06,0.9999999982988452,1.0000000121911294,1.3372541400990433e-06,1.0000000078884548,1.1151174787928987e-06,5.561640037399229e-11,4.3074011024657466e-10,3.1822899870803667e-10
135.0,81.0,0.99999999,1.0000001243157728,8.325192247872888e-06,0.99999995038558,3.0506127166383236e-06,0.99999999,1.0000001295974346,8.631483287373465e-06,0.9999999485925095,3.1471426304134907e-06,0.0,-5.281661774603208e-09,1.793070469879865e-09
135.0,133.0,0.99999999,1.0000000809271206,6.232305063151238e-06,0.9999999779729135,2.786952727752564e-06,0.99999999,1.0000000980587116,7.489021005469243e-06,0.9999999715298884,3.319926034877836e-06,0.0,-1.7131591034669214e-08,6.4430251134339755e-09
135.0,136.0,0.9999999511886148,1.0000008046063302,6.505973878474652e-05,0.9999998615519604,3.059938769482481e-05,0.9999999829962848,1.000000496266175,3.9159917159353797e-05,0.999999906878292,1.7858496250984476e-05,-3.180766994237416e-08,3.0834015518621527e-07,-4.532633157694477e-08
135.0,188.0,0.99999999,1.000000281589105,1.9238203582183956e-05,0.9999998906187915,7.252814406081127e-06,0.99999999,1.0000002171252231,1.4730258529528593e-05,0.9999999161177876,5.514582335581337e-06,0.0,6.44638817881571e-08,-2.5498996136796848e-08
136.0,82.0,0.999999996279402,1.000000030249441,2.024689175873468e-06,0.9999999835430213,7.570296728069385e-07,0.9999999962298914,1.0000000308466641,2.080811484491777e-06,0.9999999832105433,7.780985105662896e-07,4.951050680546132e-11,-5.972231598150302e-10,3.324780450952858e-10
136.0,135.0,0.9999999992517458,1.000000017558522,3.2819342546913405e-06,1.0000000498477122,3.764202220207438e-06,1.000000009806156,1.0000000700269633,1.3838043218021505e-05,1.000000198837271,1.5436875883710137e-05,-1.0554410345697818e-08,-5.24684413694132e-08,-1.4898955891240462e-07
136.0,137.0,0.9999999905776468,0.9999998753726417,2.836530148209218e-05,1.0000006560510613,3.828698628893098e-05,0.9999999749134388,0.9999999233400486,1.6269265988464062e-05,1.0000003531327242,2.1488199243417302e-05,1.5664207930754515e-08,-4.7967406935356394e-08,3.0291833708062654e-07
137.0,83.0,0.9999999958112696,1.000000051482508,2.8202106007036714e-06,0.9999999802838582,1.0564407412963637e-06,0.9999999959807528,1.0000000529887323,2.674867702878306e-06,0.9999999806756513,1.0002081447131514e-06,-1.6948320524790006e-10,-1.50622425643121e-09,-3.917931534758168e-10
137.0,136.0,0.9999999971656846,1.0000000510181386,3.901346148808867e-06,1.0000000100616075,2.955240822357818e-06,0.9999999919802992,1.0000002766880496,1.7216210942614957e-05,1.000000012840151,1.280359850232677e-05,5.185385343331461e-09,-2.2566991098038613e-07,-2.7785433953653182e-09
137.0,138.0,0.9999999954931555,0.9999974727110337,0.00011468971852780899,1.0000053969774088,0.0002636481875539749,0.9999999897120332,0.9999983898070365,7.594996017330446e-05,1.0000041791890122,0.00019338701471108754,5.781122358605728e-09,-9.170960028059838e-07,1.2177883965680536e-06
137.0,190.0,0.9999999957096468,1.0000000514972738,2.9791887167311537e-06,0.9999999870980225,1.2679513668794001e-06,0.9999999958864454,1.0000000540397833,2.8671758154109375e-06,0.999999986822758,1.2151622945888773e-06,-1.7679857577945768e-10,-2.5425095362408e-09,2.7526447787806774e-10
138.0,84.0,0.99999999,1.0000028128050231,0.0001102498099298982,0.9999990088499929,3.7553556722670335e-05,0.9999999941459272,1.000001462440282,6.745941092630253e-05,0.9999994646304171,2.2860467478542192e-05,-4.145927268162097e-09,1.3503647411372555e-06,-4.5578042418004117e-07
138.0,137.0,0.99999999,1.0000020244947783,8.109856626301471e-05,0.9999993571838721,2.647225211874319e-05,0.9999999802768512,1.0000049199185197,0.00023142081888955873,0.9999984399438213,7.605292789955176e-05,9.723148730600428e-09,-2.8954237414335893e-06,9.172400508017375e-07
138.0,139.0,0.99999999,1.0000013638267464,6.585254096190771e-05,1.0000000318230946,2.947626278303124e-05,0.9999999934975056,1.0000004894805574,7.062971082279485e-05,1.0000013109959414,7.217197068234056e-05,-3.4975056184549658e-09,8.743461890059478e-07,-1.2791728467576036e-06
138.0,191.0,0.99999999,1.000002834693313,0.00011081272945248649,0.9999989775011554,3.777081739265526e-05,0.999999992640484,1.0000015769683583,7.239538705418021e-05,0.9999993986707341,2.4563568210179312e-05,-2.640484053628711e-09,1.257724954628614e-06,-4.2116957865712124e-07
139.0,138.0,0.99999999,1.000005360195586,0.0002146020735275418,0.9999988163422691,9.577223385897269e-05,0.9999999917120688,1.000001481614218,7.74347716197897e-05,1.0000003487358973,5.9478734135307215e-05,-1.7120688200478185e-09,3.878581368077505e-06,-1.5323936282118922e-06
139.0,140.0,0.99999999,1.0000043376024503,0.00016431502441126733,0.999999139903818,4.459363589749729e-05,0.99999999,1.000008475429348,0.00037839093784761845,1.0000010239790826,0.00014475071425876175,0.0,-4.1378268975655885e-06,-1.884075264690921e-06
139.0,192.0,0.99999999,1.0000042723158666,0.00015730132457898705,0.9999982706370318,6.2363496184812e-05,0.9999999815890488,1.0000023706768464,9.282514984268529e-05,0.9999989263822778,3.842421884493003e-05,8.410951157777902e-09,1.9016390202519773e-06,-6.557452459921009e-07
140.0,86.0,0.9999999901082957,1.0000010764083225,4.5741438182103965e-05,0.9999995149034194,1.8102745053915448e-05,0.9999999543614552,1.0000079136047104,0.0002963476888651239,0.9999962461532073,0.00013559547458102754,3.574684048768262e-08,-6.837196387943223e-06,3.268750212170879e-06
140.0,139.0,0.999999984343336,1.0000042602422545,0.00034760771062331344,1.0000055784776134,0.0003731645949609277,0.9999999916868152,1.0000017041982063,0.00017587035693399834,1.0000074478435845,0.0003458723725107873,-7.343479158095079e-09,2.5560440481964264e-06,-1.869365971129966e-06
141.0,87.0,0.999999996622872,1.0000005704315835,2.8330378840225197e-05,0.99999980769142,1.0071594790141456e-05,0.9999999958786508,1.0000007305252616,3.5873644662601466e-05,0.9999997560394129,1.2789112680068847e-05,7.442211291674994e-10,-1.6009367809211028e-07,5.1652007115876586e-08
141.0,194.0,0.99999999,1.0000002568927346,4.7118303012328464e-05,1.0000010769984613,6.61577270220112e-05,0.9999999949004428,1.0000002200408624,3.838789504262116e-05,1.000000896764768,5.413051108738617e-05,-4.900442829303131e-09,3.685187222046693e-08,1.8023369330322225e-07
144.0,90.0,0.99999998901458,1.0000000163796388,1.6654570208540014e-06,1.0000000018494415,1.8120968578166307e-06,0.9999999765359406,1.0000000172873034,1.7188818391170098e-06,1.0000000016718924,1.8097765547490474e-06,1.2478639344060127e-08,-9.076646101391361e-10,1.7754908654410428e-10
144.0,146.0,0.999999997899136,1.0000000211575268,1.2666910313367069e-06,0.9999999910795653,6.825074826377946e-07,0.9999999983751592,1.0000000261058584,1.5718020502723204e-06,0.9999999887022611,8.329737388227368e-07,-4.760232208411708e-10,-4.94833152231422e-09,2.3773041313290832e-09
144.0,197.0,1.0000000320785472,1.0000011337115524,5.896260592983993e-05,0.9999996821050121,2.3943396352301922e-05,1.0000000029380154,1.0000005990812297,3.1636142752818945e-05,0.9999998412936956,1.1970545044261622e-05,2.9140531765392552e-08,5.346303226794191e-07,-1.5918868345732307e-07
146.0,144.0,0.99999999,0.9999999500619412,3.0625085252316286e-06,1.000000078808022,6.672133115226811e-06,0.99999999,0.9999999606216884,2.433912138470635e-06,1.000000064240564,5.372989608849597e-06,0.0,-1.0559747187777191e-08,1.4567458128666999e-08
146.0,147.0,1.0,1.0000000011990395,2.5621660729291117e-07,1.000000001753868,2.415128346142706e-07,1.0,1.0000000011990395,2.5621660729291117e-07,1.000000001753868,2.415128346142706e-07,0.0,0.0,0.0
147.0,146.0,0.9999999928094836,0.9999999946717705,7.388133407906106e-07,0.9999999948426568,5.956419284221376e-07,0.9999999928161358,0.9999999946717779,7.388132574348404e-07,0.9999999948367534,5.95641366580343e-07,-6.652234318949013e-12,-7.438494264988549e-15,5.903388888839345e-12
147.0,148.0,0.999999996097418,0.9999999963736624,7.17157700259553e-07,1.0000000023028126,3.945204060673356e-07,0.9999999960964518,0.9999999963716292,7.171577276664821e-07,1.0000000023037885,3.9452044494540935e-07,9.661160760288112e-13,2.0332624472985117e-12,-9.758860386455126e-13
148.0,94.0,1.000000002009129,0.9999999753157114,1.627254947941367e-06,1.0000000236571709,1.927666607774722e-06,1.0000000028331597,0.9999999699386549,1.9808708427342567e-06,1.0000000287572501,2.3444063211620136e-06,-8.240306215157034e-10,5.3770564667487974e-09,-5.1000792478106405e-09
148.0,147.0,0.99999999,0.9999999900661832,1.1631950717806825e-06,0.9999999979270993,5.168125478156872e-07,0.99999999,0.9999999900581229,1.163194659221865e-06,0.9999999979274812,5.168124824706772e-07,0.0,8.060330181081099e-12,-3.8191672047105385e-13
148.0,149.0,0.99999999,0.9999999923165916,1.1550263066583196e-06,0.9999999879853734,3.82006307418517e-07,0.99999999,0.9999999923088646,1.155025890518267e-06,0.9999999879847745,3.8200606635199623e-07,0.0,7.727041229088627e-12,5.988542994828094e-13
148.0,201.0,0.99999999,0.9999999788216808,2.08053693237281e-06,0.9999999985743534,1.1821135213750375e-06,0.99999999,0.9999999819952471,1.7657074648231937e-06,0.9999999988183008,1.0078525112895414e-06,0.0,-3.173566298642072e-09,-2.439474178217438e-10
149.0,95.0,0.9999999982493966,0.9999999584350199,1.6850895537482243e-06,1.0000000738770263,3.7836602766511818e-06,0.9999999981844462,0.9999999560957011,1.779687252067405e-06,1.0000000780282814,3.995902049709158e-06,6.495037840892337e-11,2.3393187387199532e-09,-4.151255117434971e-09
149.0,148.0,0.9999999985103024,0.9999999952167339,8.491107357476778e-08,1.0000000039298143,2.0880612843090724e-07,0.999999998508734,0.9999999952166557,8.49113701713979e-08,1.0000000039298382,2.0880613958891398e-07,1.5684120668879586e-12,7.815970093361102e-14,-2.398081733190338e-14
149.0,202.0,0.999999999,0.9999999941743357,7.24868021628186e-08,1.0000000006205723,9.501152711336192e-08,0.999999999,0.9999999948854044,6.363956970658105e-08,1.0000000005448155,8.34155857466278e-08,0.0,-7.110686484068651e-10,7.575673421911233e-11
150.0,203.0,0.9999999972685572,0.9999999935786111,1.5440354943993008e-07,0.9999999984587434,2.4984445661650916e-07,0.999999998529558,0.9999999967887359,7.722406373526366e-08,0.9999999992288324,1.2497722028229022e-07,-1.2610008592872646e-09,-3.2101247215976514e-09,-7.700889925743581e-10
151.0,97.0,0.9999999962024896,0.9999999826773395,5.130808574505355e-07,1.0000000121478743,1.0664298970197249e-06,0.9999999959941348,0.999999981578975,5.456229015875141e-07,1.000000012918328,1.1340815379567838e-06,2.083547778752859e-10,1.0983645104545303e-09,-7.704537008379475e-10
151.0,152.0,0.9999999988862844,0.9999999939461537,1.6573487166352146e-07,1.0000000002836045,1.728338120016568e-07,0.9999999988723718,0.9999999937336648,1.715551864712947e-07,1.000000000293514,1.789124069279634e-07,1.3912648810787687e-11,2.1248891535208259e-10,-9.909628673199222e-12
151.0,204.0,0.9999999977115708,0.9999999944811395,1.6608342813997276e-07,1.000000000328402,6.267695689547479e-08,0.999999997615951,0.9999999942247516,1.7380430689463475e-07,1.0000000003436023,6.559256511239498e-08,9.561973435268101e-11,2.563879109018785e-10,-1.5200285474747943e-11
152.0,151.0,0.9999999971530464,0.999999996947786,2.89465490394727e-07,0.9999999982764926,1.3066413026505255e-07,0.999999997230141,0.9999999970480885,2.799561528545493e-07,0.9999999983330686,1.26373135820667e-07,-7.709455296378565e-11,-1.0030254404824746e-10,-5.657607715647828e-11
153.0,99.0,0.99999999,1.0000013548533992,7.289322174294209e-05,0.9999995537594457,2.6484852587392104e-05,0.99999999,1.000001359498221,7.314513397612555e-05,0.9999995521773724,2.6576497977236067e-05,0.0,-4.6448218604666636e-09,1.5820733612059712e-09
153.0,206.0,0.99999999,1.0000013994284385,7.360420741009406e-05,0.9999994800238201,2.6705307628308094e-05,0.99999999,1.0000013945898272,7.335149867276054e-05,0.9999994818015788,2.661380000975656e-05,0.0,4.838611289414985e-09,-1.7777587180134446e-09
154.0,100.0,0.9999999953229828,0.9999999739715031,1.8134158549934354e-06,1.0000000650926717,3.675824523331818e-06,0.9999999954296398,0.9999999747725606,1.7588174767607362e-06,1.000000062953555,3.564999432711027e-06,-1.06657016551992e-10,-8.010575536232523e-10,2.1391166615813972e-09
154.0,207.0,0.999999997673367,1.0000000037198646,3.658091276493512e-07,0.9999999973490722,1.229254230072183e-07,0.9999999976157832,1.0000000038394468,3.7760456120998446e-07,0.9999999972638604,1.2688894335295746e-07,5.758382659593053e-11,-1.195821219823756e-10,8.521183758603001e-11
157.0,103.0,0.9999999681312404,0.9999995421055863,1.97907898760732e-05,1.0000008514310625,4.1653490130006516e-05,0.9999999646834964,0.9999995268959371,2.0444426502027505e-05,1.000000882165708,4.304859273326401e-05,3.4477439792013342e-09,1.5209649206759934e-08,-3.073464549530058e-08
157.0,158.0,0.9999999995044474,0.9999999921729206,7.757353651310125e-08,1.0000000007898873,8.844121483664615e-08,0.9999999995060148,0.9999999922539576,7.677809001558842e-08,1.0000000007816947,8.753604888392279e-08,-1.567412866165796e-12,-8.103706594653204e-11,8.192557743313955e-12
157.0,210.0,0.9999999963044024,0.9999999770132728,5.0161786671703e-07,1.0000000194412346,1.2186680662661342e-06,0.9999999963819508,0.999999977580779,4.891781436652891e-07,1.0000000189457763,1.1884046130395239e-06,-7.754841213625241e-11,-5.67506153181796e-10,4.954583410210489e-10
158.0,104.0,0.9999999961050698,0.9999999892808459,2.4770033394317046e-07,0.9999999970605118,1.1917660476760537e-07,0.9999999961953708,0.9999999895616931,2.4123727215235525e-07,0.9999999971370724,1.1607500551632686e-07,-9.030098890860927e-11,-2.8084723435739534e-10,-7.656064671124341e-11
158.0,157.0,0.9999999964974224,0.9999999904669932,2.260454594044377e-07,0.9999999978387875,7.869299838436702e-08,0.999999996464644,0.9999999903670077,2.2844017218312774e-07,0.999999997815907,7.95279309807872e-08,3.2778446623638047e-11,9.998546435241451e-11,2.288047529219739e-11
158.0,159.0,0.9999999953215624,0.9999999645452116,1.0250819809162533e-06,1.0000000289947333,2.191210356315951e-06,0.9999999953393216,0.999999964757095,1.0188888532897685e-06,1.0000000288118387,2.1780014523832493e-06,-1.7759238524206467e-11,-2.1188339971445203e-10,1.828945883630695e-10
158.0,211.0,0.9999999962378392,0.9999999742577371,6.18495427601518e-07,1.0000000166341092,1.1994028134612133e-06,0.9999999959211352,0.999999971689511,6.801957089588823e-07,1.000000018291757,1.3189654216602074e-06,3.1670399636141155e-10,2.5682260762494025e-09,-1.65764779680444e-09
159.0,158.0,0.999999996861975,1.0000000241158045,1.522852730595455e-06,0.9999999925296134,5.136118206016971e-07,0.999999996844838,1.000000024264768,1.5324274248405683e-06,0.9999999924832641,5.168425719938493e-07,1.713706954120653e-11,-1.489635081952656e-10,4.634925776514365e-11
159.0,160.0,0.9999999969752628,1.0000000244822198,1.858694376963343e-06,0.9999999833423524,9.70068151386758e-07,0.999999996989133,1.0000000243325642,1.847359379021792e-06,0.9999999834264856,9.645889649245829e-07,-1.3870238291247006e-11,1.4965562122881693e-10,-8.413314489530421e-11
160.0,159.0,0.9999999954679244,0.9999999886684358,1.0017973838124327e-06,1.000000028573533,2.1639675218841776e-06,0.9999999954358832,0.9999999885978094,1.0079461951243176e-06,1.0000000287438973,2.1773709964197873e-06,3.204114751298448e-11,7.062639362231948e-11,-1.7036416721794012e-10
160.0,161.0,0.99999999,0.9999999600193914,2.5621200597096485e-06,1.0000000240609357,5.623680305381471e-06,0.99999999,0.9999999600574816,2.560670266202755e-06,1.00000002397029,5.620941632626593e-06,0.0,-3.8090197662654646e-11,9.064571315775538e-11
161.0,107.0,0.999999998042471,1.0000000091421566,4.616919524463681e-07,0.999999998290115,1.8765028558542125e-07,0.9999999993822304,1.000000015384563,7.616003265807765e-07,0.9999999970352182,3.2184332330947726e-07,-1.3397594145203584e-09,-6.242406369594278e-09,1.254896742075573e-09
161.0,160.0,1.0000000096611923,1.0000000110492595,7.56595779592633e-07,0.9999999915859822,6.868460621658846e-07,1.0000000096496686,1.0000000110664025,7.578958272405543e-07,0.9999999915616816,6.885535013128097e-07,1.1523670906399275e-11,-1.7142953723237042e-11,2.4300561562995426e-11
161.0,214.0,0.9999999955390192,1.000000007742139,8.003301665332833e-07,1.0000000050189872,1.0396140052608102e-06,0.999999995407039,1.0000000079942433,8.264303647410572e-07,1.0000000051802558,1.0736703750555255e-06,1.3198020454296966e-10,-2.5210433740596727e-10,-1.6126855406639606e-10
166.0,167.0,0.99999999,0.9999999470070746,1.705120701610067e-06,1.0000000032859173,8.599138426915391e-07,0.99999999,0.9999999453137819,1.764046538286762e-06,1.000000003450871,8.895288410309308e-07,0.0,1.6932927282553578e-09,-1.6495360632973188e-10
166.0,222.0,0.9999999988483248,0.9999987764086368,6.0406028388551435e-05,1.0000028264282799,0.0001483019507432644,0.9999999988662264,0.9999988200254322,5.8245412926561944e-05,1.0000027253113608,0.00014300463098135166,-1.790156911596341e-11,-4.3616795397660724e-08,1.01116919060118e-07
167.0,166.0,0.99999999,0.9999999980283998,2.9700032711963347e-06,0.9999999858485621,1.0799035173271243e-06,0.99999999,0.9999999978452025,2.873831961350086e-06,0.9999999862778004,1.0455393619998518e-06,0.0,1.831972351595823e-10,-4.292383115611642e-10
167.0,168.0,0.99999999,0.9999999933962558,3.1019746838578003e-06,0.9999999850907232,1.6377973591329766e-06,0.99999999,0.9999999929406006,3.1437717592604665e-06,0.9999999848605625,1.6614776453182203e-06,0.0,4.556551802537001e-10,2.301606683019486e-10
167.0,223.0,0.9999999924333628,0.999997842358774,8.693301358338643e-05,1.0000042825439792,0.0001914500668985473,0.999999992169839,0.9999977661697493,9.008192918079103e-05,1.0000044452078591,0.00019823175524462448,2.6352375837035424e-10,7.618902464479049e-08,-1.626638799212543e-07
168.0,167.0,0.9999999969796612,1.0000000059614904,9.956043847058438e-07,1.0000000066356431,6.30054649099662e-07,0.9999999970093962,1.0000000058761176,9.816535392455415e-07,1.0000000065673544,6.213126521941469e-07,-2.9734992246233105e-11,8.537281992460066e-11,6.828870802166875e-11
177.0,124.0,0.99999999,1.0000012169754013,6.066435183089173e-05,0.9999995460695387,2.177099062348625e-05,0.99999999,1.0000011773732063,5.895943101551375e-05,0.9999995591884508,2.115935654621737e-05,0.0,3.9602195078813907e-08,-1.3118912178811115e-08
177.0,178.0,0.9999999967603982,1.0000007634966648,5.4083056242241133e-05,1.0000001518509636,2.929122647859072e-05,0.9999999970992272,1.0000007577204297,5.467011477485563e-05,1.000000196133347,3.0420560378738126e-05,-3.388289648853515e-10,5.776235045829026e-09,-4.428238331577461e-08
