13.0,14.0,3.0709007139856015e-05,4.093216712960064e-05
14.0,15.0,4.9804383858749047e-05,1.367621855605568e-05
14.0,13.0,4.653626681180635e-05,1.8136526663029713e-05
15.0,14.0,2.185431813432611e-05,3.381197398185198e-05
16.0,15.0,2.6948465040236422e-05,2.5329269655792827e-05
16.0,18.0,3.4337566156795816e-05,1.933993963227462e-05
15.0,16.0,3.8792796401835535e-05,1.517859903985476e-05
15.0,67.0,2.4286253817000326e-05,2.9222943097748458e-05
18.0,19.0,2.6220118475048527e-05,2.576366880343218e-05
18.0,16.0,2.032460476636472e-05,3.6295903525359386e-05
16.0,68.0,1.7935904935668663e-05,3.9594072365719375e-05
18.0,70.0,3.0595996310562494e-05,1.1969869798709686e-05
19.0,18.0,4.6244360870917465e-05,1.4559040398669001e-05
19.0,71.0,4.619963386000704e-05,8.02789694848474e-06
20.0,21.0,4.7360768944978757e-05,1.4595009943264187e-05
20.0,72.0,3.79678296880885e-05,1.816004375306804e-05
21.0,22.0,3.0473173292153367e-05,2.8709102207839095e-05
21.0,20.0,2.3422863574726357e-05,4.07966128195739e-05
21.0,73.0,4.779321700494382e-05,1.126848885550985e-05
22.0,21.0,5.185090772188287e-05,1.8045157995297632e-05
22.0,23.0,2.8193818431828154e-05,3.205968218034289e-05
22.0,74.0,4.084922312543882e-05,1.6196852488252538e-05
23.0,22.0,4.1615692147495894e-05,1.5122527141395888e-05
23.0,75.0,5.116286145765528e-05,1.8437365469504188e-05
24.0,76.0,5.81863615768502e-05,1.5222564691964715e-05
24.0,25.0,4.0723333668436817e-05,1.9408343346846994e-05
25.0,24.0,3.054992212564559e-05,2.2801248475743728e-05
25.0,26.0,3.900751472741359e-05,1.4798391246296292e-05
25.0,77.0,4.631328951461961e-05,1.3291574695859357e-05
26.0,25.0,3.694156286675466e-05,2.7211107976189626e-05
13.0,14.0,3.0709007139856015e-05,4.093216712960064e-05
14.0,13.0,4.653626681180635e-05,1.8136526663029713e-05
14.0,15.0,4.9804383858749047e-05,1.367621855605568e-05
15.0,14.0,2.185431813432611e-05,3.381197398185198e-05
15.0,16.0,3.8792796401835535e-05,1.517859903985476e-05
15.0,67.0,2.4286253817000326e-05,2.9222943097748458e-05
16.0,15.0,2.6948465040236422e-05,2.5329269655792827e-05
16.0,18.0,3.4337566156795816e-05,1.933993963227462e-05
16.0,68.0,1.7935904935668663e-05,3.9594072365719375e-05
18.0,16.0,2.032460476636472e-05,3.6295903525359386e-05
18.0,19.0,2.6220118475048527e-05,2.576366880343218e-05
18.0,70.0,3.0595996310562494e-05,1.1969869798709686e-05
13.0,14.0,3.0709007139856015e-05,4.093216712960064e-05
14.0,13.0,4.653626681180635e-05,1.8136526663029713e-05
14.0,15.0,4.9804383858749047e-05,1.367621855605568e-05
15.0,14.0,2.185431813432611e-05,3.381197398185198e-05
15.0,16.0,3.0419842480913928e-05,1.268707021173506e-05
15.0,67.0,2.0901582523925556e-05,2.353155239290679e-05
16.0,15.0,2.065856318584619e-05,1.9070725127728566e-05
16.0,18.0,1.8738968915592147e-05,1.0645852306281624e-05
16.0,68.0,1.587935010017851e-05,3.052606655618848e-05
18.0,16.0,1.19107964400166e-05,1.9366467282409256e-05
18.0,19.0,1.9325380636154583e-05,1.875157164034561e-05
18.0,70.0,2.24367686079739e-05,8.862960977546808e-06
19.0,18.0,3.501981482927745e-05,1.172178443460777e-05
19.0,71.0,3.493989291097726e-05,7.4039555463072e-06
20.0,21.0,2.8730129061835655e-05,1.1322931707489442e-05
20.0,72.0,3.200648915300286e-05,1.6812283303201073e-05
21.0,22.0,2.435617951491856e-05,2.2368419621678804e-05
21.0,20.0,1.5924570142601152e-05,2.3370787416430407e-05
21.0,73.0,2.6821056104414452e-05,7.717314664368974e-06
22.0,21.0,3.0513421850367386e-05,1.2382016202693935e-05
22.0,23.0,2.3606484953589527e-05,2.5723196756209362e-05
22.0,74.0,2.4052701968030683e-05,1.0679881679380582e-05
23.0,22.0,3.600794588140441e-05,1.5543694753537703e-05
23.0,75.0,2.4898847566949704e-05,1.1871151069969357e-05
24.0,25.0,2.476737592379721e-05,1.2889562530247357e-05
24.0,76.0,2.5516770556337146e-05,9.761979608930126e-06
25.0,26.0,2.3767617695829874e-05,1.0603413104525463e-05
25.0,24.0,2.6091544427554543e-05,1.9394995435988467e-05
25.0,77.0,3.73915986962249e-05,1.2790184401459969e-05
26.0,25.0,2.206554661203307e-05,1.6164455492190613e-05
26.0,27.0,2.707880551836584e-05,2.054223665385544e-05
27.0,26.0,3.127481464745459e-05,1.5671281310673574e-05
27.0,29.0,3.146860571405329e-05,1.0060043442087364e-05
27.0,79.0,2.790694194082736e-05,1.327509422965504e-05
29.0,27.0,1.6716144224208735e-05,3.327215107663013e-05
29.0,30.0,1.3197041657722696e-05,1.6466878802712537e-05
30.0,29.0,2.2630604994126365e-05,7.713654207297109e-06
30.0,31.0,2.5528837658670665e-05,2.298684874714072e-05
31.0,30.0,1.6693169349325366e-05,1.557518474003269e-05
31.0,32.0,1.3044899400827434e-05,2.0662588468499593e-05
31.0,83.0,2.606907868201879e-05,1.0088962641846731e-05
32.0,31.0,3.2819970480292894e-05,1.2820338716873538e-05
32.0,33.0,3.1736414385332637e-05,1.340565440293383e-05
32.0,84.0,2.9435702170925847e-05,1.2465380548576746e-05
33.0,32.0,1.950448976885228e-05,1.6621810024206824e-05
33.0,34.0,1.5770654949242006e-05,1.9281896862437046e-05
34.0,33.0,2.8580379187977296e-05,1.2296609288261524e-05
34.0,86.0,2.805120986921394e-05,1.4359968585495882e-05
35.0,36.0,2.7537355252475716e-05,1.0277476908080515e-05
35.0,87.0,2.521333590578806e-05,1.0673358970475111e-05
36.0,35.0,1.5627839330887356e-05,2.8960371971920415e-05
36.0,88.0,2.124058401278058e-05,3.2151840465696135e-05
38.0,40.0,2.157100657178114e-05,1.0566203174125117e-05
40.0,38.0,1.8223234126285414e-05,2.7546192774060346e-05
41.0,42.0,2.4935272374363614e-05,1.8740259403668068e-05
40.0,92.0,1.8987272212622658e-05,3.255412311818009e-05
42.0,41.0,2.691371731651435e-05,1.8872069604242825e-05
41.0,93.0,1.2486196154842202e-05,2.0729434779799136e-05
42.0,43.0,1.548251007332112e-05,1.568695180374413e-05
42.0,94.0,1.57716324896721e-05,2.3666261482020776e-05
43.0,42.0,2.5045549491888797e-05,1.8171136893188604e-05
43.0,44.0,1.6316139771793895e-05,1.36766100827469e-05
44.0,43.0,2.1266841811596084e-05,1.3426899059548894e-05
44.0,45.0,1.734352371102883e-05,1.2850443871522551e-05
44.0,96.0,2.2161468288261575e-05,1.2413418511010266e-05
45.0,44.0,2.101795417260138e-05,9.963418049837204e-06
45.0,46.0,1.9807304588461365e-05,1.2393051122593426e-05
45.0,97.0,2.082519299905055e-05,1.1292202028457395e-05
46.0,45.0,3.7122100554601193e-05,1.572167376324262e-05
46.0,47.0,3.1300085603171675e-05,1.4400980268402739e-05
47.0,48.0,2.0432265227058506e-05,2.691898131263343e-05
47.0,46.0,2.005773129807597e-05,3.148086686031083e-05
48.0,47.0,1.0706995006172049e-05,3.839331424345632e-05
47.0,99.0,1.73821438695407e-05,3.6808779974252696e-05
48.0,100.0,1.2755904118281197e-05,2.5247510396299532e-05
51.0,103.0,2.5025871007140726e-05,3.0468000829417884e-05
52.0,104.0,3.0417626684000826e-05,7.95654596554226e-06
67.0,15.0,2.5751193105295935e-05,9.911338000987063e-06
67.0,68.0,2.4997527438331964e-05,1.2418046616642477e-05
68.0,16.0,2.4974139911464726e-05,9.60855026121868e-06
68.0,67.0,3.0708661736623544e-05,1.642987696228068e-05
68.0,70.0,2.897382674558734e-05,1.0792067494267026e-05
70.0,18.0,1.0234284340895265e-05,2.7088076810348492e-05
70.0,68.0,1.1146582242133228e-05,2.905203295232856e-05
70.0,124.0,1.2037742951894301e-05,2.9771644354219504e-05
71.0,19.0,1.3342151522687831e-05,1.8721443150021205e-05
71.0,72.0,1.7141013886329214e-05,4.024810729008345e-05
71.0,125.0,2.0865616727167413e-05,2.1181037743067412e-05
72.0,71.0,3.1530714701771795e-05,1.24628445912613e-05
72.0,20.0,1.210662310674077e-05,2.257117652135066e-05
72.0,73.0,2.322292230312629e-05,1.0854906141205698e-05
73.0,21.0,4.415271269774342e-05,3.105067136377378e-05
73.0,72.0,1.1126501332796159e-05,2.445044479211533e-05
73.0,74.0,1.7090573742078184e-05,3.0527207107917636e-05
73.0,127.0,1.4026493222298606e-05,3.8075587666017686e-05
74.0,22.0,3.6028401154708296e-05,1.7928763436864607e-05
74.0,75.0,3.558491447049121e-05,1.2260779218907526e-05
74.0,73.0,2.5144357596011882e-05,1.0913678846182206e-05
75.0,23.0,1.3267976466310225e-05,2.725050376787115e-05
75.0,74.0,1.1767984420524466e-05,1.863278777455414e-05
75.0,76.0,2.3307665104062414e-05,2.4486322823677406e-05
75.0,129.0,1.510754978933822e-05,2.053964408555259e-05
76.0,24.0,1.4138541396175698e-05,2.7441817244616456e-05
76.0,75.0,2.1724211682600533e-05,1.8094707179929477e-05
76.0,130.0,2.1782546345596537e-05,2.082372261439758e-05
77.0,25.0,2.1169933643915963e-05,2.5664234677305384e-05
79.0,27.0,2.4530118483190226e-05,1.1587206598060148e-05
79.0,81.0,3.035967827557962e-05,1.1348024949971672e-05
79.0,133.0,2.459100896847905e-05,1.0875219294945035e-05
81.0,79.0,1.6932508621940707e-05,2.2766547058863015e-05
82.0,83.0,2.253261008220559e-05,2.7358396729563685e-05
81.0,135.0,1.1862139858645608e-05,2.0700319053732366e-05
82.0,136.0,1.06628534784427e-05,2.5292945822751453e-05
83.0,31.0,1.673411777399705e-05,3.588042251642704e-05
83.0,82.0,2.3776911708760242e-05,1.4334314638517875e-05
83.0,84.0,1.641739859515128e-05,1.5642380015740765e-05
83.0,137.0,1.4024667007251174e-05,3.607540805151365e-05
84.0,32.0,1.607350619728755e-05,1.8806211381404126e-05
84.0,83.0,4.043516612815707e-05,1.1339462945520412e-05
84.0,138.0,3.658976688983287e-05,2.4592872233748682e-05
86.0,34.0,2.086102077805255e-05,3.4597961064228546e-05
86.0,87.0,1.845010793481926e-05,2.1103272394641403e-05
87.0,35.0,2.1289370582387956e-05,1.7042563721629673e-05
86.0,140.0,3.736531221081207e-05,2.5500760174997544e-05
87.0,88.0,2.624357466551958e-05,1.1604431781994895e-05
87.0,86.0,2.866692065487878e-05,2.0496570665876507e-05
88.0,36.0,2.431822114052545e-05,9.295311481192383e-06
87.0,141.0,1.8985406403465892e-05,2.12765861539693e-05
88.0,87.0,3.088792800471049e-05,1.2526141327182675e-05
88.0,89.0,3.735974753654331e-05,1.3869296080108365e-05
89.0,88.0,3.4553155004443864e-05,1.4997920059565163e-05
89.0,90.0,1.9890572853810253e-05,1.3644212994731632e-05
90.0,89.0,1.890477611646204e-05,2.2222499689986574e-05
90.0,92.0,1.81208489366786e-05,3.193832357404833e-05
90.0,144.0,1.2817438734572216e-05,2.199932051931548e-05
92.0,40.0,2.4811561223928028e-05,7.339189957487173e-06
92.0,90.0,1.8205292526149455e-05,1.751938570795474e-05
92.0,93.0,1.752353412229315e-05,2.2843370858778777e-05
93.0,41.0,2.8727894098012195e-05,9.997075725892365e-06
93.0,92.0,2.1307074835339278e-05,1.2242053312142568e-05
93.0,94.0,2.1722732646478522e-05,1.2126050613848193e-05
94.0,42.0,4.078537756273039e-05,1.3706628315520224e-05
94.0,93.0,1.8921467538157614e-05,1.664754802926834e-05
94.0,148.0,2.9756501716388684e-05,9.862763875778827e-06
95.0,96.0,2.711197096548046e-05,1.1891856957038017e-05
95.0,149.0,3.032559465499259e-05,1.3037253844431138e-05
96.0,44.0,1.8861027910371444e-05,1.6764146688991406e-05
96.0,95.0,1.628773405182919e-05,2.6763774538579362e-05
97.0,45.0,2.1982902809998347e-05,2.3931654158793752e-05
97.0,98.0,1.5426735867830525e-05,2.487435965728884e-05
97.0,151.0,3.905944971823672e-05,8.523802994797281e-06
98.0,97.0,3.8788796813129626e-05,1.514012540416999e-05
99.0,47.0,3.919387471036482e-05,1.618646890973874e-05
98.0,99.0,3.0009924281851322e-05,1.528578642960033e-05
99.0,100.0,2.3383082274010382e-05,1.4488008442929877e-05
99.0,98.0,2.477539240984791e-05,1.4842156902986658e-05
100.0,48.0,3.166630749915918e-05,1.6399949234035196e-05
99.0,153.0,1.941227205275069e-05,3.17426116353241e-05
100.0,99.0,2.8454941606066687e-05,2.219078254571509e-05
100.0,101.0,2.1831191077374892e-05,2.8100058387078896e-05
100.0,154.0,3.07564363024361e-05,1.2186619229369681e-05
101.0,100.0,3.3533077815592924e-05,1.627588896133109e-05
101.0,103.0,2.3890581767025108e-05,1.73318063802956e-05
103.0,51.0,2.6048473340714875e-05,1.1018664687101497e-05
103.0,101.0,1.7051170849702583e-05,2.4146104362627625e-05
103.0,104.0,2.8611675816694705e-05,1.2222267259495141e-05
104.0,52.0,9.557987831999522e-06,2.092692075330483e-05
103.0,157.0,2.8892915223430625e-05,1.2385352203198812e-05
104.0,103.0,2.3392150311628147e-05,2.8458953622135008e-05
104.0,105.0,1.1576977084042445e-05,1.9734267788457446e-05
105.0,104.0,2.845883620016398e-05,8.758328766299032e-06
104.0,158.0,9.296784192257633e-06,7.600754047836238e-06
106.0,105.0,3.3215643891559144e-05,1.7848817908093832e-05
105.0,106.0,1.879829311023328e-05,3.1923416040265904e-05
106.0,107.0,3.543870715096173e-05,1.2890215216594546e-05
106.0,160.0,1.8473055762074046e-05,2.074451087972331e-05
107.0,106.0,1.2654912288579625e-05,2.6621845019576317e-05
107.0,161.0,1.4650537140273009e-05,2.345420428711603e-05
124.0,70.0,3.0956183217136436e-05,1.188212306566099e-05
124.0,125.0,2.6142376585146938e-05,1.7764009603339792e-05
125.0,71.0,1.6550894393153607e-05,1.7400756433166707e-05
124.0,177.0,1.955987142405682e-05,2.32745767047258e-05
125.0,124.0,1.1538888352487904e-05,2.3792760651980864e-05
125.0,126.0,1.0290592220514973e-05,2.460783266326834e-05
126.0,125.0,2.3919092426574355e-05,9.807288043370691e-06
126.0,127.0,1.7746578263131046e-05,3.597628969805901e-05
127.0,73.0,3.017423663090703e-05,2.0143229476068803e-05
127.0,126.0,3.551487299061883e-05,2.152365915659027e-05
129.0,75.0,2.5914702905727048e-05,8.369405728868257e-06
127.0,180.0,2.4435241815810457e-05,2.3543831691412952e-05
130.0,76.0,1.8932770116617505e-05,1.358063851223429e-05
129.0,130.0,2.2911299808781054e-05,9.40234602737884e-06
130.0,129.0,1.959736634096384e-05,3.621067804606519e-05
130.0,131.0,1.740979916961099e-05,3.7766505580647494e-05
131.0,130.0,4.262342554670968e-05,1.3687301105507963e-05
130.0,183.0,1.5199858745362163e-05,2.5593451946256376e-05
131.0,132.0,1.948727445525743e-05,1.1203054330111027e-05
131.0,184.0,2.547982773900275e-05,9.569049326528294e-06
132.0,131.0,2.6227823294344403e-05,1.4360253787379754e-05
132.0,133.0,2.603709395435291e-05,1.1341180831817074e-05
133.0,79.0,1.6546785584270172e-05,1.7773126825098757e-05
132.0,185.0,2.820301725912375e-05,2.297817467505041e-05
133.0,132.0,1.3050180818176135e-05,1.9100123941524904e-05
133.0,135.0,1.2813037272833895e-05,1.973671350011841e-05
133.0,186.0,1.7379827333713285e-05,1.4438898392817929e-05
135.0,81.0,2.6318139673714642e-05,1.0037844240620482e-05
135.0,133.0,3.803738132882702e-05,1.595559132821974e-05
135.0,136.0,3.5701144248272136e-05,2.1821700492626097e-05
136.0,82.0,2.6077952589568408e-05,7.3166854200745895e-06
135.0,188.0,3.255886399437756e-05,1.4476879605936633e-05
136.0,135.0,1.8695804519949974e-05,2.2918615642050092e-05
136.0,137.0,2.8894541191445402e-05,3.252390159528844e-05
137.0,83.0,3.721161403819855e-05,1.667053693723779e-05
137.0,136.0,2.5876989211928426e-05,2.0652395230997654e-05
137.0,190.0,3.924413738839692e-05,1.921078404037693e-05
137.0,138.0,4.501085860918899e-05,2.5686465672050946e-05
138.0,84.0,3.4929358876117385e-05,1.8755440122091498e-05
138.0,137.0,4.9484370114714175e-05,2.343390384634408e-05
138.0,139.0,5.4928076002936834e-05,1.0027556157185845e-05
138.0,191.0,3.520048504083217e-05,1.885987795901723e-05
139.0,138.0,3.446032756212084e-05,2.240507930756485e-05
139.0,140.0,3.489232485130954e-05,2.131844565178066e-05
136.0,82.0,2.6077952589568408e-05,7.3166854200745895e-06
135.0,188.0,3.255886399437756e-05,1.4476879605936633e-05
136.0,135.0,1.8695804519949974e-05,2.2918615642050092e-05
136.0,137.0,2.8894541191445402e-05,3.252390159528844e-05
137.0,83.0,3.721161403819855e-05,1.667053693723779e-05
137.0,136.0,2.5876989211928426e-05,2.0652395230997654e-05
137.0,190.0,3.924413738839692e-05,1.921078404037693e-05
137.0,138.0,4.501085860918899e-05,2.5686465672050946e-05
138.0,84.0,3.4929358876117385e-05,1.8755440122091498e-05
138.0,137.0,4.9484370114714175e-05,2.343390384634408e-05
138.0,139.0,5.4928076002936834e-05,1.0027556157185845e-05
138.0,191.0,3.520048504083217e-05,1.885987795901723e-05
139.0,138.0,3.446032756212084e-05,2.240507930756485e-05
139.0,140.0,3.489232485130954e-05,2.131844565178066e-05
139.0,192.0,3.736103081848158e-05,2.40561408490071e-05
140.0,86.0,3.17354713099069e-05,2.0253576253118967e-05
141.0,87.0,2.8326398350022066e-05,1.3059093794898678e-05
140.0,139.0,3.7759035299700536e-05,2.0649171399201176e-05
144.0,90.0,2.053744142906396e-05,2.303180038410087e-05
141.0,194.0,1.3523057287593883e-05,2.8884371439484425e-05
144.0,146.0,3.512961701414017e-05,1.7059375347272727e-05
144.0,197.0,2.7613876350571278e-05,1.6391420768292966e-05
146.0,147.0,2.0087569396321294e-05,2.0132959042793747e-05
146.0,144.0,1.2627777996957377e-05,2.2037593543167756e-05
147.0,146.0,2.0390520918095205e-05,1.6583988325530238e-05
147.0,148.0,2.006617559471799e-05,9.992812810325673e-06
148.0,94.0,2.0351062458240262e-05,2.4718577466375546e-05
148.0,147.0,3.270657530689129e-05,1.1715767804274186e-05
148.0,149.0,3.2629887128506033e-05,5.688192272351399e-06
148.0,201.0,2.654163439013669e-05,1.3957272766953586e-05
149.0,148.0,4.1891931844558235e-06,1.818687923913856e-05
149.0,95.0,1.1802667303492863e-05,2.406608964380977e-05
149.0,202.0,5.434228134970735e-06,8.131589705784527e-06
150.0,203.0,1.084405396857787e-05,2.1572257700055213e-05
151.0,97.0,1.1709922616104974e-05,3.1402937104515746e-05
151.0,152.0,1.2870084209081984e-05,1.456080526794483e-05
151.0,204.0,1.360163511304592e-05,3.4648741310379703e-06
152.0,151.0,2.36062027339257e-05,8.721868483410505e-06
153.0,99.0,3.3024570687846746e-05,1.603460788788217e-05
153.0,206.0,3.4257525272472546e-05,1.6919889421327124e-05
154.0,207.0,2.9962163302759355e-05,5.275178515950427e-06
154.0,100.0,1.3648039461401654e-05,2.561828180584852e-05
157.0,158.0,5.98864375460055e-06,7.510721730172372e-06
157.0,103.0,2.3358274005667137e-05,2.8445350177362245e-05
157.0,210.0,1.0246217829098598e-05,3.6084408994490865e-05
158.0,104.0,2.0210171841485036e-05,8.330551726393396e-06
158.0,157.0,1.855143567327046e-05,3.756515582031511e-06
158.0,159.0,1.2532051477837219e-05,2.8608909050878587e-05
158.0,211.0,1.4628827081241137e-05,3.528386280207212e-05
159.0,158.0,4.287730692122423e-05,7.930211998270672e-06
154.0,100.0,1.3648039461401654e-05,2.561828180584852e-05
154.0,207.0,2.9962163302759355e-05,5.275178515950427e-06
157.0,103.0,2.3358274005667137e-05,2.8445350177362245e-05
157.0,158.0,5.98864375460055e-06,7.510721730172372e-06
157.0,210.0,1.0246217829098598e-05,3.6084408994490865e-05
158.0,104.0,2.0210171841485036e-05,8.330551726393396e-06
158.0,157.0,1.855143567327046e-05,3.756515582031511e-06
158.0,159.0,1.2532051477837219e-05,2.8608909050878587e-05
158.0,211.0,1.4628827081241137e-05,3.528386280207212e-05
159.0,158.0,4.287730692122423e-05,7.930211998270672e-06
159.0,160.0,2.344960558141047e-05,1.1187859997554622e-05
160.0,159.0,1.2053137939982763e-05,2.8206204304772346e-05
160.0,161.0,1.881714189865246e-05,3.642608671365497e-05
161.0,107.0,3.7693360328089475e-05,1.1345294893057727e-05
161.0,160.0,2.0690007049805594e-05,1.942523906923695e-05
161.0,214.0,2.0983517828493347e-05,3.0086019804262762e-05
166.0,167.0,2.56266027155372e-05,1.245613293204296e-05
166.0,222.0,1.6685827632414906e-05,2.9468569596810707e-05
160.0,161.0,1.881714189865246e-05,3.642608671365497e-05
161.0,107.0,3.7693360328089475e-05,1.1345294893057727e-05
161.0,160.0,2.0690007049805594e-05,1.942523906923695e-05
161.0,214.0,2.0983517828493347e-05,3.0086019804262762e-05
166.0,167.0,2.56266027155372e-05,1.245613293204296e-05
166.0,222.0,1.6685827632414906e-05,2.9468569596810707e-05
167.0,166.0,4.550752341469303e-05,1.4849627554425675e-05
167.0,168.0,2.7105372660395024e-05,1.3170637507380333e-05
167.0,223.0,2.6655394192405685e-05,2.5703013904456194e-05
168.0,167.0,2.7828659107870098e-05,1.8148221073756072e-05
177.0,124.0,3.331590486521873e-05,1.5394129940944827e-05
177.0,178.0,2.4820495645678122e-05,1.5083805128123655e-05
177.0,233.0,3.432675669563242e-05,1.44778695588194e-05
178.0,177.0,2.842028589589984e-05,1.443943752542314e-05
178.0,179.0,1.9233678420281118e-05,2.9419011653593296e-05
178.0,234.0,3.3124325338794035e-05,1.556445693571158e-05
179.0,178.0,2.9210336916583452e-05,1.7759191363273586e-05
179.0,180.0,2.8531308363796732e-05,2.2764065300360643e-05
