13.0,14.0,3.121148622335783e-05,4.159687434834433e-05
14.0,13.0,4.5801971700486334e-05,1.784634220881827e-05
14.0,15.0,5.062183759617541e-05,1.390233047290642e-05
15.0,14.0,2.1505128412812296e-05,3.327612069769019e-05
15.0,16.0,3.0279890121916702e-05,1.2627781589213781e-05
15.0,67.0,2.1245098081589238e-05,2.3914806594288e-05
16.0,15.0,2.0756251966821057e-05,1.9159342063121833e-05
16.0,18.0,1.932560683043301e-05,1.0979036956722753e-05
16.0,68.0,1.4908453533913885e-05,2.8685432651065575e-05
18.0,16.0,1.1559969992741384e-05,1.879622088794025e-05
18.0,19.0,1.93213775072659e-05,1.8749954024852583e-05
18.0,70.0,2.4474867983423288e-05,9.66845745431585e-06
19.0,71.0,3.493984786567888e-05,7.40396127172819e-06
19.0,18.0,3.5019767270044386e-05,1.172232461161473e-05
20.0,21.0,2.8556712499463924e-05,1.1278112420758235e-05
20.0,72.0,3.0104960965959027e-05,1.578915390248996e-05
21.0,22.0,2.338124230763562e-05,2.199716355873908e-05
21.0,20.0,1.5822082461252543e-05,2.3528930880743652e-05
21.0,73.0,3.346923057819317e-05,1.5224307131343253e-05
22.0,21.0,3.101903961820626e-05,1.2710366691522382e-05
22.0,23.0,2.4446844484130007e-05,2.658073886169778e-05
22.0,74.0,2.3542301815979634e-05,1.0440797806455267e-05
23.0,22.0,3.5071775625299234e-05,1.5103615823684396e-05
23.0,75.0,2.2865379698180177e-05,1.0869988513866274e-05
24.0,25.0,2.33694030392763e-05,1.2119477783081584e-05
24.0,76.0,4.010254326897679e-05,1.2846472041249154e-05
25.0,24.0,2.7825467005739888e-05,2.0646457654660207e-05
25.0,26.0,2.3309170510012027e-05,1.0403240860022855e-05
25.0,77.0,3.7362879546312876e-05,1.278667494865098e-05
26.0,25.0,2.2494511940474142e-05,1.6479505345894026e-05
26.0,27.0,2.613507612822845e-05,1.9822639353009755e-05
27.0,26.0,3.246061259074115e-05,1.6261287475592694e-05
27.0,29.0,3.093429458370717e-05,9.885695977473159e-06
27.0,79.0,2.623979513521329e-05,1.247676442424503e-05
29.0,30.0,2.221669599714522e-05,3.0037941098891962e-05
29.0,27.0,1.7020939070219328e-05,3.3864498640798357e-05
30.0,29.0,2.340144499512486e-05,7.976871098753327e-06
30.0,31.0,2.4715391627488437e-05,2.224623509635123e-05
31.0,30.0,1.726933014238459e-05,1.6105706003407563e-05
31.0,32.0,1.8105067728131084e-05,3.3996615322006073e-05
31.0,83.0,2.6345562575072006e-05,1.0195287418316462e-05
32.0,31.0,3.806606257347798e-05,1.4888708455216243e-05
32.0,33.0,3.22842285928331e-05,1.3628513115725467e-05
32.0,84.0,2.5309550728088124e-05,1.0706864713410155e-05
33.0,32.0,1.9205594986763214e-05,1.6357273510426648e-05
33.0,34.0,1.560849612250794e-05,1.9092867991724207e-05
34.0,33.0,2.886240933851723e-05,1.2421979478120458e-05
34.0,86.0,2.819399141704419e-05,1.292803987255849e-05
35.0,36.0,2.8463776732768275e-05,1.0635950055087753e-05
35.0,87.0,2.6731031571613256e-05,1.1202940099355877e-05
36.0,88.0,1.268571516270055e-05,1.7570933546528133e-05
36.0,35.0,1.5106435246981791e-05,2.8031146555952202e-05
38.0,40.0,2.228087663281024e-05,1.0909559899525315e-05
40.0,38.0,1.7671954722698e-05,2.6695983327156427e-05
40.0,92.0,1.3822291611165798e-05,2.3840018367959598e-05
41.0,42.0,2.511737851900515e-05,1.8877360731700305e-05
42.0,41.0,2.6719386887151774e-05,1.8736243184771804e-05
41.0,93.0,1.2396439631438028e-05,2.0572684749185094e-05
42.0,43.0,1.5070399142713897e-05,1.5277072616885656e-05
42.0,94.0,1.652116104871744e-05,2.4751915378980295e-05
43.0,42.0,2.5738557462012085e-05,1.8681979981006022e-05
43.0,44.0,1.875248122734048e-05,1.57162904903973e-05
44.0,43.0,1.883156475112112e-05,1.1881416093570191e-05
44.0,45.0,1.792794719304272e-05,1.3269676318840236e-05
44.0,96.0,2.1060677115738104e-05,1.1785245848995467e-05
45.0,44.0,3.760583873130317e-05,1.664673398592076e-05
45.0,46.0,1.9256427192562818e-05,1.2046149954204045e-05
45.0,97.0,2.0867590304029743e-05,1.1311741130093882e-05
46.0,45.0,3.8207893693197606e-05,1.6185297732982303e-05
46.0,47.0,3.128912102195342e-05,1.4399334745777605e-05
47.0,48.0,2.0109606004743328e-05,2.6492225676867683e-05
47.0,46.0,2.0057014324638848e-05,3.1483718865370595e-05
48.0,47.0,1.0880996979529993e-05,3.9017727691872305e-05
47.0,99.0,1.7674447432275882e-05,3.738632594712592e-05
48.0,100.0,1.2554590351773751e-05,2.4661792114376505e-05
51.0,103.0,2.374047081084065e-05,2.933637885350593e-05
52.0,104.0,2.6640152322428924e-05,6.954679035317563e-06
67.0,15.0,2.5341943363867136e-05,9.752966326125176e-06
67.0,68.0,2.540773852570416e-05,1.2624022173347857e-05
68.0,16.0,2.66837505383662e-05,1.0272711371962953e-05
68.0,67.0,3.0216762284526137e-05,1.6167777564233727e-05
68.0,70.0,2.8037192210646545e-05,1.0441538576633107e-05
70.0,18.0,9.447117346944127e-06,2.5006062921170475e-05
70.0,68.0,1.1530545570461376e-05,3.005117056151849e-05
70.0,124.0,1.176416551040607e-05,2.9101456208372848e-05
71.0,19.0,1.3341884861560026e-05,1.872143936123917e-05
71.0,72.0,1.5648408994095e-05,3.677751025339888e-05
71.0,125.0,2.3242694323024526e-05,2.359594861439804e-05
72.0,71.0,3.484341015980045e-05,1.3776928072690557e-05
72.0,20.0,1.2965223459737742e-05,2.412442003245966e-05
72.0,73.0,2.3201825555511827e-05,1.0795524035224369e-05
73.0,21.0,2.8365507442270563e-05,2.5382290297968967e-05
73.0,72.0,1.1171007747838536e-05,2.4491328765926873e-05
73.0,74.0,1.595358087578534e-05,2.3627984435055618e-05
73.0,127.0,1.6082418150489182e-05,3.589868053658323e-05
74.0,22.0,2.0157438459241235e-05,1.0456363623140829e-05
74.0,73.0,3.319607958884717e-05,1.262148806633952e-05
74.0,75.0,3.0498676641757586e-05,1.0446786912265238e-05
75.0,74.0,1.4305230382810068e-05,2.2537234714871055e-05
75.0,23.0,1.4767090960264505e-05,3.011173942012927e-05
75.0,76.0,2.3308348041671957e-05,2.4492038440664923e-05
75.0,129.0,1.8468237692900603e-05,2.9261470166963342e-05
76.0,24.0,1.7155520605008783e-05,3.315921133233651e-05
76.0,75.0,2.171945033005511e-05,1.8092697960175443e-05
76.0,130.0,2.2074303649800432e-05,2.1099045447410953e-05
77.0,25.0,2.116828316958386e-05,2.5670810893137356e-05
79.0,27.0,2.616338599532456e-05,1.2371489024558343e-05
79.0,81.0,3.086305951354981e-05,1.1543146697836514e-05
79.0,133.0,2.4556823434894326e-05,1.0865511882869007e-05
81.0,79.0,1.663197084193374e-05,2.2376030162514224e-05
82.0,83.0,1.8015651831943933e-05,2.187719034071853e-05
81.0,135.0,1.2270384594318782e-05,2.054421365558326e-05
82.0,136.0,1.0236149627165028e-05,2.4518059537855692e-05
83.0,31.0,1.6560477916923833e-05,3.550705382296745e-05
83.0,82.0,3.172838780052694e-05,1.9132495556682758e-05
83.0,84.0,1.714611249046778e-05,1.6459425899808492e-05
83.0,137.0,1.857872411517078e-05,3.334400211856934e-05
84.0,32.0,1.829658450887814e-05,2.2518900349002987e-05
84.0,83.0,3.7230698141590594e-05,1.1025237036623225e-05
84.0,138.0,2.500667539606802e-05,3.270175287792792e-05
86.0,34.0,2.2955272960043324e-05,3.451371567695542e-05
86.0,87.0,3.346613784353873e-05,2.378085528060785e-05
87.0,35.0,2.0222308495931553e-05,1.5903278744176226e-05
86.0,140.0,3.887239642733386e-05,3.7039035687877806e-05
87.0,86.0,3.871718460012062e-05,2.0488050986573776e-05
87.0,88.0,2.6365123234054925e-05,1.1254988987173788e-05
88.0,36.0,4.237340234311868e-05,1.3618853196190756e-05
87.0,141.0,2.509496298935973e-05,2.8641058566352362e-05
88.0,87.0,3.09346410986036e-05,1.2367738914394089e-05
88.0,89.0,3.417862774490215e-05,1.2673316303596839e-05
89.0,88.0,2.0719302427734558e-05,9.649560801228748e-06
89.0,90.0,1.9110733961391394e-05,1.3113126839519888e-05
90.0,89.0,1.9697592427301573e-05,2.3159414153064768e-05
90.0,92.0,1.8700221272936155e-05,3.3046393579684274e-05
90.0,144.0,1.7596322884374852e-05,3.3764329894200726e-05
92.0,40.0,3.926252843318585e-05,1.1673059673312544e-05
92.0,90.0,1.7624180974835543e-05,1.6998528061642304e-05
92.0,93.0,1.9209511234167306e-05,2.5049167870608843e-05
93.0,41.0,2.8952514634475202e-05,1.0071343775770514e-05
93.0,92.0,1.9590043049922568e-05,1.1266182652139045e-05
93.0,94.0,2.240449621161581e-05,1.2493971099863814e-05
94.0,42.0,3.910530247118825e-05,1.3118804950285921e-05
94.0,93.0,1.8399510976433594e-05,1.6160874846057452e-05
94.0,148.0,2.5313625218334586e-05,8.368137495653594e-06
95.0,96.0,2.8627941570814764e-05,1.2566055527907841e-05
95.0,149.0,2.8793676516418606e-05,1.237452043267924e-05
96.0,44.0,1.992420996384595e-05,1.7697725750047028e-05
96.0,95.0,1.5439078661429806e-05,2.5413491005032828e-05
97.0,45.0,2.1945104225047024e-05,2.3887027462309262e-05
97.0,98.0,1.6426605420301906e-05,2.6444610163050666e-05
97.0,151.0,3.6859657817973406e-05,8.043528282933318e-06
98.0,97.0,3.663127611354596e-05,1.4285190350618927e-05
99.0,47.0,3.862803525118389e-05,1.5932473867363486e-05
98.0,99.0,3.1302993607504216e-05,1.5936914689496533e-05
99.0,98.0,2.383037399814927e-05,1.425556379671133e-05
99.0,100.0,2.3067868054672984e-05,1.419594896703022e-05
100.0,48.0,3.234964328626486e-05,1.66564134024468e-05
99.0,153.0,1.93361616881544e-05,3.1633567089667326e-05
100.0,99.0,2.8974190673524283e-05,2.2494563265409163e-05
100.0,101.0,2.0949139268380244e-05,2.7060865904268334e-05
100.0,154.0,3.183357696074e-05,1.250713874292051e-05
101.0,100.0,3.4683044547067254e-05,1.6847575225936612e-05
101.0,103.0,2.3132131676079604e-05,1.7128412693139756e-05
103.0,51.0,2.741262152361454e-05,1.1779096340434283e-05
103.0,101.0,1.7610129878394222e-05,2.4858170724553413e-05
103.0,104.0,2.7762678175035412e-05,1.2030388137751496e-05
104.0,52.0,1.1142632686590536e-05,2.4391043297686655e-05
103.0,157.0,2.7884511718145687e-05,1.2125916867447636e-05
104.0,105.0,1.0970690490540264e-05,1.8702240247851406e-05
104.0,103.0,2.396482518063152e-05,2.9561091291794688e-05
104.0,158.0,9.552180511718363e-06,7.810406397843371e-06
105.0,104.0,3.0121063217656467e-05,9.270991236692768e-06
105.0,106.0,1.781346196206215e-05,3.0217775123762676e-05
106.0,105.0,1.8704930570898726e-05,1.0159050910324175e-05
106.0,107.0,3.320813893880269e-05,1.2069698896384804e-05
106.0,160.0,1.692419856269393e-05,1.9765831334779355e-05
107.0,106.0,1.3575659033295417e-05,2.8526744320166148e-05
107.0,161.0,1.3721294055337212e-05,2.1979173089898935e-05
124.0,70.0,3.168504720756237e-05,1.2164614488171415e-05
124.0,125.0,2.606043037393004e-05,1.7713065952503473e-05
125.0,71.0,1.5015495109265895e-05,1.578738210178576e-05
124.0,177.0,1.9742128578713498e-05,2.4183878396153647e-05
125.0,124.0,1.157200992944828e-05,2.3867007044676014e-05
125.0,126.0,1.2222098130837358e-05,2.918718217072752e-05
126.0,125.0,3.85268876024359e-05,1.4129794980307244e-05
126.0,127.0,1.715867155100142e-05,2.9813709680328393e-05
127.0,73.0,3.5060228403618575e-05,1.676967936878379e-05
127.0,126.0,2.911251109676433e-05,1.4239357663041582e-05
127.0,180.0,2.484690153073862e-05,3.0006860602992634e-05
129.0,75.0,3.612880571652256e-05,1.1728631396148625e-05
129.0,130.0,3.3105810276936356e-05,1.15436375647815e-05
130.0,76.0,1.8706776153603404e-05,1.3394794392559747e-05
130.0,129.0,1.7586549075338074e-05,2.685562765677464e-05
130.0,131.0,1.2860170959217728e-05,2.2460573388276585e-05
131.0,130.0,3.855142382522205e-05,1.2353009583112024e-05
130.0,183.0,1.48323024936864e-05,2.406396688490199e-05
131.0,132.0,1.97935042960431e-05,1.1370648489803072e-05
131.0,184.0,2.5777146480240993e-05,9.685092258653717e-06
132.0,131.0,2.5851636582317838e-05,1.4149671435191097e-05
132.0,133.0,2.7035741813806594e-05,1.1778580609589381e-05
133.0,79.0,1.65524177943095e-05,1.7777065733037295e-05
132.0,185.0,2.7786652895368555e-05,2.2667212229846237e-05
133.0,132.0,1.2578683375247844e-05,1.8416676365803264e-05
133.0,135.0,2.0189444902442882e-05,3.342849360805823e-05
133.0,186.0,1.6761345854395732e-05,1.3901878541275232e-05
135.0,81.0,2.7693189920086172e-05,1.017834482711198e-05
135.0,133.0,2.4085831057885236e-05,1.0761677994887564e-05
135.0,136.0,3.646401597743828e-05,1.9105013427568208e-05
136.0,82.0,2.649957044399945e-05,7.457511814522863e-06
135.0,188.0,2.5429239231546672e-05,1.0819183052509122e-05
136.0,135.0,2.3404325855765512e-05,2.472022715746402e-05
136.0,137.0,2.183612783445864e-05,2.578134208990306e-05
137.0,83.0,4.276424070306925e-05,1.3626508061882378e-05
137.0,136.0,3.18117704546815e-05,1.8732265010662923e-05
137.0,190.0,4.573137103688833e-05,1.6348594498845124e-05
137.0,138.0,2.7728715422473402e-05,2.9537173118771528e-05
138.0,84.0,3.820014440373758e-05,2.460865306762821e-05
138.0,137.0,3.4989966237404134e-05,2.7504648862648104e-05
138.0,191.0,4.1110349575797276e-05,2.648796427796536e-05
138.0,139.0,2.7311645381668073e-05,3.085751530554074e-05
139.0,138.0,3.498545193916017e-05,2.587255727684986e-05
139.0,140.0,4.0210659349669484e-05,2.465622029424994e-05
139.0,192.0,3.7229932181075134e-05,3.0478448182062567e-05
140.0,86.0,3.492056980126134e-05,2.9912433825556205e-05
140.0,139.0,2.2246734949155134e-05,3.921666147570383e-05
141.0,87.0,3.7085805948813094e-05,1.6654831938579045e-05
144.0,90.0,2.1291364079982545e-05,2.285252777931784e-05
141.0,194.0,9.764083187196757e-06,2.5753804062468126e-05
144.0,146.0,1.966996726250615e-05,9.323810981512802e-06
144.0,197.0,2.680699114838826e-05,9.254285948107584e-06
146.0,147.0,2.008757281507379e-05,2.013293860153319e-05
146.0,144.0,1.6971418627432728e-05,3.3663162990935106e-05
147.0,146.0,2.0390515006511706e-05,1.6583170699765375e-05
147.0,148.0,2.006614909235478e-05,9.992871057064824e-06
148.0,94.0,2.479127565210767e-05,3.0048411934574472e-05
148.0,147.0,3.2705952902153634e-05,1.1715826117935426e-05
148.0,149.0,3.2629253114267754e-05,5.688240334995784e-06
148.0,201.0,2.2508648838277606e-05,1.1912098595656112e-05
149.0,148.0,4.189135921280978e-06,1.818690496023614e-05
149.0,95.0,1.2467963269058905e-05,2.541559541772014e-05
149.0,202.0,4.7701681962055214e-06,7.138906961771368e-06
150.0,203.0,5.4229409347203395e-06,1.0791483453105979e-05
151.0,97.0,1.245278203689541e-05,3.339453973105327e-05
151.0,152.0,1.332197143626239e-05,1.5072955315623427e-05
151.0,204.0,1.423388132770698e-05,3.6262566418825372e-06
152.0,151.0,2.283076095458695e-05,8.435513965363736e-06
153.0,99.0,3.313692551732705e-05,1.60909263835467e-05
153.0,206.0,3.4141087774284596e-05,1.6861216288675006e-05
154.0,100.0,1.3261649791694351e-05,2.4716706904840462e-05
154.0,207.0,3.092544762102107e-05,5.443911554726606e-06
157.0,103.0,2.4062966127909195e-05,2.971409121453053e-05
157.0,158.0,5.926560144294906e-06,7.4332194570670105e-06
157.0,210.0,9.996314475207943e-06,3.51768839952503e-05
158.0,104.0,1.968090488209991e-05,8.113881854322779e-06
158.0,157.0,1.8746156264415175e-05,3.7964808866994174e-06
158.0,159.0,1.2454782925013777e-05,2.8433893055244265e-05
158.0,211.0,1.608966924234897e-05,3.87960075354452e-05
159.0,158.0,4.3142869835076364e-05,7.979507211789751e-06
159.0,160.0,2.330647644738105e-05,1.112690328033283e-05
160.0,159.0,1.2127088783915118e-05,2.838082920424168e-05
160.0,161.0,1.8803032491165062e-05,3.640962069482796e-05
161.0,107.0,2.1379313937005677e-05,6.9395237902231766e-06
161.0,160.0,2.0721820567568114e-05,1.9474505936749672e-05
161.0,214.0,2.166485572924962e-05,3.106927869983718e-05
166.0,167.0,2.6724153760997025e-05,1.2918103577951258e-05
166.0,222.0,1.6066552466545302e-05,2.8430228122656403e-05
167.0,166.0,4.3611574654489344e-05,1.4583986636064323e-05
167.0,168.0,2.7102441444633868e-05,1.3497421634425534e-05
167.0,223.0,2.7679726127068606e-05,2.664358704128395e-05
168.0,167.0,2.7429739372038493e-05,1.799639961270324e-05
177.0,124.0,3.1581778960176115e-05,1.5038848264334746e-05
177.0,178.0,2.542035913316465e-05,1.8411376572815516e-05
