1,352.0,71.0,0.0,0.0
2,264.0,114.0,0.0,0.0
3,1075.0,646.0,0.0,0.0
4,2948.0,1176.0,0.0,0.0
5,983.0,1018.0,0.0,0.0
6,1133.0,890.0,0.0,0.0
7,1441.0,739.0,0.0,0.0
8,6473.0,2803.0,0.0,0.0
9,3557.0,2077.0,0.0,0.0
10,3123.0,3734.0,0.0,0.0
11,1558.0,1069.0,0.0,0.0
12,1723.0,877.0,0.0,0.0
13,1115.0,610.0,0.0,0.0
14,359.0,342.0,0.0,0.0
15,2315.0,797.0,0.0,0.0
16,2214.0,2236.0,0.0,0.0
17,4936.0,6190.0,0.0,0.0
18,3948.0,4102.0,0.0,0.0
19,4146.0,1189.0,0.0,0.0
20,675.0,314.0,0.0,0.0
21,1929.0,1476.0,0.0,0.0
22,1489.0,583.0,0.0,0.0
23,465.0,102.0,0.0,0.0
24,402.0,352.0,0.0,0.0
25,824.0,308.0,0.0,0.0
26,1100.0,626.0,0.0,0.0
27,782.0,477.0,0.0,0.0
28,4529.0,2157.0,0.0,0.0
29,4656.0,2528.0,0.0,0.0
30,1701.0,1198.0,0.0,0.0
31,1232.0,1721.0,0.0,0.0
32,381.0,189.0,0.0,0.0
33,809.0,370.0,0.0,0.0
34,168.0,118.0,0.0,0.0
35,541.0,303.0,0.0,0.0
36,4077.0,2793.0,0.0,0.0
37,6185.0,4360.0,0.0,0.0
38,2138.0,2604.0,0.0,0.0
39,1530.0,787.0,0.0,0.0
40,5297.0,3341.0,0.0,0.0
41,2374.0,1812.0,0.0,0.0
42,2344.0,1695.0,0.0,0.0
43,1509.0,1743.0,0.0,0.0
44,1954.0,924.0,0.0,0.0
45,1197.0,774.0,0.0,0.0
46,1278.0,381.0,0.0,0.0
47,1043.0,2248.0,0.0,0.0
48,1594.0,12318.0,0.0,0.0
49,19704.0,14778.0,0.0,0.0
50,741.0,509.0,0.0,0.0
51,3704.0,1645.0,0.0,0.0
52,3789.0,1002.0,0.0,0.0
53,938.0,451.0,0.0,0.0
54,1153.0,1082.0,0.0,0.0
55,1733.0,1916.0,0.0,0.0
56,3152.0,1426.0,0.0,0.0
57,1505.0,345.0,0.0,0.0
58,2745.0,1978.0,0.0,0.0
59,426.0,224.0,0.0,0.0
60,912.0,210.0,0.0,0.0
61,393.0,138.0,0.0,0.0
62,1548.0,1983.0,0.0,0.0
63,2008.0,1035.0,0.0,0.0
64,186.0,129.0,0.0,0.0
65,686.0,978.0,0.0,0.0
66,679.0,586.0,0.0,0.0
67,571.0,300.0,0.0,0.0
68,780.0,249.0,0.0,0.0
69,294.0,79.0,0.0,0.0
70,10474.0,11369.0,0.0,0.0
71,8637.0,6005.0,0.0,0.0
72,865.0,3393.0,0.0,0.0
73,7242.0,4068.0,0.0,0.0
74,1651.0,676.0,0.0,0.0
75,4292.0,3399.0,0.0,0.0
76,3169.0,3642.0,0.0,0.0
77,1908.0,1162.0,0.0,0.0
78,2362.0,1847.0,0.0,0.0
79,1200.0,258.0,0.0,0.0
80,3397.0,744.0,0.0,0.0
81,4451.0,1938.0,0.0,0.0
82,5464.0,5914.0,0.0,0.0
83,4732.0,3314.0,0.0,0.0
84,3319.0,809.0,0.0,0.0
85,7403.0,4543.0,0.0,0.0
86,1628.0,1251.0,0.0,0.0
87,1482.0,448.0,0.0,0.0
88,1658.0,378.0,0.0,0.0
89,1706.0,641.0,0.0,0.0
90,929.0,2149.0,0.0,0.0
91,1180.0,332.0,0.0,0.0
92,849.0,1015.0,0.0,0.0
93,577.0,431.0,0.0,0.0
94,890.0,583.0,0.0,0.0
95,694.0,188.0,0.0,0.0
96,1799.0,1870.0,0.0,0.0
97,1572.0,1468.0,0.0,0.0
98,549.0,223.0,0.0,0.0
99,569.0,320.0,0.0,0.0
100,595.0,472.0,0.0,0.0
101,18.0,25.0,0.0,0.0
102,78.0,108.0,0.0,0.0
103,34.0,135.0,0.0,0.0
104,10387.0,8799.0,0.0,0.0
105,4948.0,3118.0,0.0,0.0
106,1591.0,2669.0,0.0,0.0
107,7432.0,4183.0,0.0,0.0
108,5353.0,3769.0,0.0,0.0
109,10793.0,9453.0,0.0,0.0
110,25326.0,22593.0,0.0,0.0
111,22205.0,15122.0,0.0,0.0
112,9999.0,8508.0,0.0,0.0
113,5281.0,1383.0,0.0,0.0
114,29.0,37.0,0.0,0.0
115,1071.0,1142.0,0.0,0.0
116,2172.0,1671.0,0.0,0.0
117,22941.0,19053.0,0.0,0.0
118,15017.0,14928.0,0.0,0.0
119,4537.0,2489.0,0.0,0.0
120,3341.0,3331.0,0.0,0.0
121,4159.0,2923.0,0.0,0.0
122,7636.0,2774.0,0.0,0.0
123,2763.0,2009.0,0.0,0.0
124,4263.0,3982.0,0.0,0.0
125,5787.0,9286.0,0.0,0.0
126,1309.0,1954.0,0.0,0.0
127,969.0,235.0,0.0,0.0
128,1954.0,1056.0,0.0,0.0
129,375.0,607.0,0.0,0.0
130,3786.0,2389.0,0.0,0.0
131,550.0,334.0,0.0,0.0
132,662.0,254.0,0.0,0.0
133,1003.0,1430.0,0.0,0.0
134,564.0,146.0,0.0,0.0
135,659.0,259.0,0.0,0.0
136,893.0,869.0,0.0,0.0
137,484.0,679.0,0.0,0.0
138,18.0,13.0,0.0,0.0
139,6.0,7.0,0.0,0.0
140,35.0,26.0,0.0,0.0
141,22.0,64.0,0.0,0.0
142,1426.0,2525.0,0.0,0.0
143,1195.0,2510.0,0.0,0.0
144,264.0,1067.0,0.0,0.0
145,249.0,1830.0,0.0,0.0
146,2482.0,3953.0,0.0,0.0
147,3861.0,2087.0,0.0,0.0
148,4253.0,1265.0,0.0,0.0
149,22725.0,22996.0,0.0,0.0
150,11703.0,9459.0,0.0,0.0
151,9808.0,6221.0,0.0,0.0
152,5364.0,3591.0,0.0,0.0
153,44.0,22.0,0.0,0.0
154,2239.0,3116.0,0.0,0.0
155,6401.0,5044.0,0.0,0.0
156,34289.0,25449.0,0.0,0.0
157,22900.0,13749.0,0.0,0.0
158,10577.0,4248.0,0.0,0.0
159,751.0,971.0,0.0,0.0
160,2228.0,4550.0,0.0,0.0
161,323.0,2188.0,0.0,0.0
162,9724.0,7936.0,0.0,0.0
163,1308.0,11813.0,0.0,0.0
164,22017.0,7883.0,0.0,0.0
165,8584.0,8188.0,0.0,0.0
166,7769.0,1414.0,0.0,0.0
167,3506.0,851.0,0.0,0.0
168,1993.0,2121.0,0.0,0.0
169,1126.0,519.0,0.0,0.0
170,424.0,117.0,0.0,0.0
171,744.0,215.0,0.0,0.0
172,567.0,355.0,0.0,0.0
173,1006.0,558.0,0.0,0.0
174,415.0,179.0,0.0,0.0
175,1007.0,309.0,0.0,0.0
176,900.0,316.0,0.0,0.0
177,39.0,33.0,0.0,0.0
178,73.0,58.0,0.0,0.0
179,32.0,11.0,0.0,0.0
180,68.0,57.0,0.0,0.0
181,41.0,35.0,0.0,0.0
182,0.0,2.0,0.0,0.0
183,4753.0,2604.0,0.0,0.0
184,282.0,180.0,0.0,0.0
185,1628.0,1103.0,0.0,0.0
186,946.0,384.0,0.0,0.0
187,2999.0,1655.0,0.0,0.0
188,2027.0,1827.0,0.0,0.0
189,2652.0,1540.0,0.0,0.0
190,17070.0,12894.0,0.0,0.0
191,11673.0,6433.0,0.0,0.0
192,22884.0,12297.0,0.0,0.0
193,23.0,21.0,0.0,0.0
194,299.0,548.0,0.0,0.0
195,2108.0,1497.0,0.0,0.0
196,5955.0,3589.0,0.0,0.0
197,29046.0,20791.0,0.0,0.0
198,10398.0,23551.0,0.0,0.0
199,10021.0,5312.0,0.0,0.0
200,2480.0,1963.0,0.0,0.0
201,14763.0,6129.0,0.0,0.0
202,4499.0,4892.0,0.0,0.0
203,25439.0,6007.0,0.0,0.0
204,14428.0,25497.0,0.0,0.0
205,26965.0,19509.0,0.0,0.0
206,19836.0,10930.0,0.0,0.0
207,9816.0,3952.0,0.0,0.0
208,4143.0,1014.0,0.0,0.0
209,1384.0,914.0,0.0,0.0
210,1302.0,962.0,0.0,0.0
211,3229.0,2211.0,0.0,0.0
212,1060.0,350.0,0.0,0.0
213,1376.0,1972.0,0.0,0.0
214,2611.0,2725.0,0.0,0.0
215,941.0,646.0,0.0,0.0
216,744.0,278.0,0.0,0.0
217,214.0,91.0,0.0,0.0
218,327.0,135.0,0.0,0.0
219,0.0,2.0,0.0,0.0
220,47.0,43.0,0.0,0.0
221,9.0,7.0,0.0,0.0
222,5.0,6.0,0.0,0.0
223,12.0,7.0,0.0,0.0
224,24.0,13.0,0.0,0.0
225,26.0,20.0,0.0,0.0
226,118.0,80.0,0.0,0.0
227,1114.0,483.0,0.0,0.0
228,1639.0,1303.0,0.0,0.0
229,601.0,344.0,0.0,0.0
230,1280.0,1262.0,0.0,0.0
231,2323.0,1330.0,0.0,0.0
232,2454.0,1177.0,0.0,0.0
233,2863.0,4019.0,0.0,0.0
234,3263.0,1288.0,0.0,0.0
235,5221.0,1822.0,0.0,0.0
236,30.0,25.0,0.0,0.0
237,43.0,55.0,0.0,0.0
238,12789.0,3314.0,0.0,0.0
239,17519.0,9114.0,0.0,0.0
240,15231.0,16491.0,0.0,0.0
241,14493.0,9824.0,0.0,0.0
242,6214.0,4685.0,0.0,0.0
243,6829.0,2763.0,0.0,0.0
244,13368.0,6092.0,0.0,0.0
245,2369.0,2194.0,0.0,0.0
246,16787.0,14496.0,0.0,0.0
247,15.0,37.0,0.0,0.0
248,6792.0,59249.0,0.0,0.0
249,1776.0,18024.0,0.0,0.0
250,10115.0,42239.0,0.0,0.0
251,1282.0,496.0,0.0,0.0
252,1352.0,884.0,0.0,0.0
253,2303.0,1253.0,0.0,0.0
254,1108.0,630.0,0.0,0.0
255,44.0,47.0,0.0,0.0
256,1880.0,2394.0,0.0,0.0
257,351.0,235.0,0.0,0.0
258,1690.0,737.0,0.0,0.0
259,679.0,391.0,0.0,0.0
260,491.0,166.0,0.0,0.0
261,253.0,112.0,0.0,0.0
262,34.0,28.0,0.0,0.0
263,41.0,47.0,0.0,0.0
264,54.0,31.0,0.0,0.0
265,55.0,56.0,0.0,0.0
266,141.0,89.0,0.0,0.0
267,62.0,60.0,0.0,0.0
268,347.0,332.0,0.0,0.0
269,1088.0,449.0,0.0,0.0
270,847.0,308.0,0.0,0.0
271,509.0,188.0,0.0,0.0
272,1352.0,930.0,0.0,0.0
273,1374.0,870.0,0.0,0.0
274,3229.0,4650.0,0.0,0.0
275,9102.0,7780.0,0.0,0.0
276,14662.0,13671.0,0.0,0.0
277,10464.0,4375.0,0.0,0.0
278,11162.0,4059.0,0.0,0.0
279,3527.0,2333.0,0.0,0.0
280,11254.0,9180.0,0.0,0.0
281,10851.0,7600.0,0.0,0.0
282,14116.0,10460.0,0.0,0.0
283,22845.0,8042.0,0.0,0.0
284,19236.0,22827.0,0.0,0.0
285,21581.0,12192.0,0.0,0.0
286,19087.0,12427.0,0.0,0.0
287,15775.0,11554.0,0.0,0.0
288,3638.0,26433.0,0.0,0.0
289,11512.0,27937.0,0.0,0.0
290,19864.0,11326.0,0.0,0.0
291,5939.0,2446.0,0.0,0.0
292,135.0,256.0,0.0,0.0
293,3647.0,883.0,0.0,0.0
294,1885.0,1270.0,0.0,0.0
295,1451.0,447.0,0.0,0.0
296,1055.0,606.0,0.0,0.0
297,649.0,460.0,0.0,0.0
298,463.0,324.0,0.0,0.0
299,2083.0,2294.0,0.0,0.0
300,1182.0,1529.0,0.0,0.0
301,1280.0,2334.0,0.0,0.0
302,682.0,230.0,0.0,0.0
303,7.0,15.0,0.0,0.0
304,15.0,16.0,0.0,0.0
305,71.0,52.0,0.0,0.0
306,18.0,73.0,0.0,0.0
307,277.0,389.0,0.0,0.0
308,393.0,272.0,0.0,0.0
309,894.0,758.0,0.0,0.0
310,208.0,100.0,0.0,0.0
311,273.0,91.0,0.0,0.0
312,361.0,133.0,0.0,0.0
313,1606.0,399.0,0.0,0.0
314,2268.0,3641.0,0.0,0.0
315,5379.0,4055.0,0.0,0.0
316,10902.0,5371.0,0.0,0.0
317,3423.0,3601.0,0.0,0.0
318,7944.0,3437.0,0.0,0.0
319,6334.0,19785.0,0.0,0.0
320,23383.0,74810.0,0.0,0.0
321,17260.0,16362.0,0.0,0.0
322,9089.0,12327.0,0.0,0.0
323,12934.0,10541.0,0.0,0.0
324,10889.0,6573.0,0.0,0.0
325,16828.0,7225.0,0.0,0.0
326,23069.0,14028.0,0.0,0.0
327,6541.0,2824.0,0.0,0.0
328,20473.0,4325.0,0.0,0.0
329,11307.0,7561.0,0.0,0.0
330,4989.0,4229.0,0.0,0.0
331,3151.0,2352.0,0.0,0.0
332,4382.0,2546.0,0.0,0.0
333,3534.0,2764.0,0.0,0.0
334,2667.0,893.0,0.0,0.0
335,1838.0,1549.0,0.0,0.0
336,2235.0,538.0,0.0,0.0
337,962.0,401.0,0.0,0.0
338,993.0,346.0,0.0,0.0
339,709.0,637.0,0.0,0.0
340,114.0,70.0,0.0,0.0
341,3144.0,1500.0,0.0,0.0
342,1442.0,810.0,0.0,0.0
343,4445.0,2239.0,0.0,0.0
344,7782.0,5353.0,0.0,0.0
345,5243.0,6317.0,0.0,0.0
346,14671.0,8612.0,0.0,0.0
347,20059.0,11775.0,0.0,0.0
348,40544.0,22794.0,0.0,0.0
349,31164.0,22129.0,0.0,0.0
350,24966.0,21622.0,0.0,0.0
351,58455.0,32926.0,0.0,0.0
352,49099.0,24499.0,0.0,0.0
353,50703.0,32446.0,0.0,0.0
354,22700.0,12271.0,0.0,0.0
355,8720.0,6912.0,0.0,0.0
356,29560.0,8315.0,0.0,0.0
357,14114.0,7311.0,0.0,0.0
358,14841.0,6634.0,0.0,0.0
359,4579.0,2317.0,0.0,0.0
360,4110.0,3250.0,0.0,0.0
361,5821.0,2688.0,0.0,0.0
362,642.0,4944.0,0.0,0.0
363,12462.0,4205.0,0.0,0.0
364,5166.0,8589.0,0.0,0.0
365,1312.0,773.0,0.0,0.0
366,2280.0,2601.0,0.0,0.0
367,1381.0,1367.0,0.0,0.0
368,633.0,305.0,0.0,0.0
369,2.0,37.0,0.0,0.0
370,0.0,0.0,0.0,0.0
371,542.0,482.0,0.0,0.0
372,52.0,27.0,0.0,0.0
373,12.0,7.0,0.0,0.0
374,488.0,518.0,0.0,0.0
375,94.0,89.0,0.0,0.0
376,112.0,233.0,0.0,0.0
377,193.0,267.0,0.0,0.0
378,417.0,570.0,0.0,0.0
379,7709.0,4240.0,0.0,0.0
380,3306.0,3513.0,0.0,0.0
381,6180.0,3672.0,0.0,0.0
382,20247.0,11935.0,0.0,0.0
383,21950.0,17387.0,0.0,0.0
384,32039.0,32781.0,0.0,0.0
385,22343.0,37993.0,0.0,0.0
386,38336.0,35541.0,0.0,0.0
387,37858.0,30121.0,0.0,0.0
388,30608.0,26539.0,0.0,0.0
389,34011.0,32888.0,0.0,0.0
390,50003.0,44695.0,0.0,0.0
391,24901.0,25834.0,0.0,0.0
392,19717.0,12029.0,0.0,0.0
393,10020.0,14741.0,0.0,0.0
394,10203.0,6261.0,0.0,0.0
395,3635.0,2028.0,0.0,0.0
396,7461.0,4048.0,0.0,0.0
397,17750.0,9882.0,0.0,0.0
398,20608.0,11771.0,0.0,0.0
399,15140.0,8134.0,0.0,0.0
400,193.0,2113.0,0.0,0.0
401,1103.0,382.0,0.0,0.0
402,1216.0,1017.0,0.0,0.0
403,1798.0,775.0,0.0,0.0
404,460.0,122.0,0.0,0.0
405,1983.0,1000.0,0.0,0.0
406,585.0,460.0,0.0,0.0
407,24502.0,8783.0,0.0,0.0
408,6157.0,4973.0,0.0,0.0
409,6059.0,2124.0,0.0,0.0
410,5294.0,2748.0,0.0,0.0
411,21410.0,9649.0,0.0,0.0
412,26354.0,15687.0,0.0,0.0
413,37722.0,20732.0,0.0,0.0
414,28560.0,26961.0,0.0,0.0
415,52126.0,53857.0,0.0,0.0
416,48648.0,61197.0,0.0,0.0
417,42463.0,54317.0,0.0,0.0
418,18491.0,38181.0,0.0,0.0
419,44792.0,45685.0,0.0,0.0
420,56269.0,47965.0,0.0,0.0
421,33061.0,42938.0,0.0,0.0
422,16427.0,14773.0,0.0,0.0
423,8745.0,6891.0,0.0,0.0
424,4149.0,5964.0,0.0,0.0
425,11451.0,6800.0,0.0,0.0
426,9363.0,4836.0,0.0,0.0
427,36553.0,23244.0,0.0,0.0
428,44404.0,24101.0,0.0,0.0
429,12889.0,8616.0,0.0,0.0
430,3400.0,2834.0,0.0,0.0
431,7401.0,3095.0,0.0,0.0
432,364.0,112.0,0.0,0.0
433,17305.0,11710.0,0.0,0.0
434,9718.0,5598.0,0.0,0.0
435,5956.0,6268.0,0.0,0.0
436,32576.0,32644.0,0.0,0.0
437,22977.0,30527.0,0.0,0.0
438,28458.0,27174.0,0.0,0.0
439,33126.0,59608.0,0.0,0.0
440,32825.0,36279.0,0.0,0.0
441,20704.0,41210.0,0.0,0.0
442,31600.0,110450.0,0.0,0.0
443,19577.0,60606.0,0.0,0.0
444,13083.0,68805.0,0.0,0.0
445,23766.0,68840.0,0.0,0.0
446,18101.0,137882.0,0.0,0.0
447,29107.0,58093.0,0.0,0.0
448,38012.0,38975.0,0.0,0.0
449,23754.0,29291.0,0.0,0.0
450,26933.0,21626.0,0.0,0.0
451,30611.0,17907.0,0.0,0.0
452,21932.0,7138.0,0.0,0.0
453,29086.0,43483.0,0.0,0.0
454,20868.0,16706.0,0.0,0.0
455,17105.0,9549.0,0.0,0.0
456,7373.0,17513.0,0.0,0.0
457,3395.0,2594.0,0.0,0.0
458,85.0,119.0,0.0,0.0
459,24798.0,21175.0,0.0,0.0
460,7304.0,3310.0,0.0,0.0
461,26871.0,18991.0,0.0,0.0
462,33584.0,34536.0,0.0,0.0
463,11129.0,13027.0,0.0,0.0
464,139.0,155.0,0.0,0.0
465,26629.0,11065.0,0.0,0.0
466,32524.0,27361.0,0.0,0.0
467,33821.0,49033.0,0.0,0.0
468,33625.0,63784.0,0.0,0.0
469,37712.0,83201.0,0.0,0.0
470,23197.0,36666.0,0.0,0.0
471,23326.0,35913.0,0.0,0.0
472,35123.0,98120.0,0.0,0.0
473,30726.0,69394.0,0.0,0.0
474,29091.0,26901.0,0.0,0.0
475,109.0,97.0,0.0,0.0
476,34490.0,28181.0,0.0,0.0
477,17787.0,12561.0,0.0,0.0
478,21703.0,9642.0,0.0,0.0
479,23523.0,22604.0,0.0,0.0
480,16127.0,8235.0,0.0,0.0
481,19305.0,12386.0,0.0,0.0
482,20437.0,12008.0,0.0,0.0
483,8503.0,5570.0,0.0,0.0
484,7611.0,3813.0,0.0,0.0
485,3259.0,2085.0,0.0,0.0
486,5.0,12.0,0.0,0.0
487,405.0,166.0,0.0,0.0
488,79.0,64.0,0.0,0.0
489,1.0,34.0,0.0,0.0
490,127.0,89.0,0.0,0.0
491,18624.0,13175.0,0.0,0.0
492,10991.0,6284.0,0.0,0.0
493,8977.0,10423.0,0.0,0.0
494,6268.0,6194.0,0.0,0.0
495,92.0,27.0,0.0,0.0
496,23122.0,13859.0,0.0,0.0
497,21580.0,25053.0,0.0,0.0
498,29319.0,49189.0,0.0,0.0
499,25214.0,48803.0,0.0,0.0
500,45629.0,50715.0,0.0,0.0
501,37647.0,46402.0,0.0,0.0
502,30851.0,45446.0,0.0,0.0
503,39340.0,52304.0,0.0,0.0
504,20964.0,64469.0,0.0,0.0
505,11674.0,13424.0,0.0,0.0
506,14665.0,10857.0,0.0,0.0
507,18392.0,8933.0,0.0,0.0
508,16595.0,7130.0,0.0,0.0
509,2169.0,1975.0,0.0,0.0
510,344.0,2060.0,0.0,0.0
511,7043.0,5889.0,0.0,0.0
512,7623.0,2225.0,0.0,0.0
513,5934.0,4755.0,0.0,0.0
514,7907.0,7964.0,0.0,0.0
515,1592.0,724.0,0.0,0.0
516,1003.0,487.0,0.0,0.0
517,21.0,38.0,0.0,0.0
518,357.0,603.0,0.0,0.0
519,33.0,36.0,0.0,0.0
520,1.0,2.0,0.0,0.0
521,3.0,14.0,0.0,0.0
522,20.0,9.0,0.0,0.0
523,636.0,979.0,0.0,0.0
524,175.0,85.0,0.0,0.0
525,1088.0,785.0,0.0,0.0
526,353.0,294.0,0.0,0.0
527,1252.0,964.0,0.0,0.0
528,1362.0,664.0,0.0,0.0
529,4474.0,2415.0,0.0,0.0
530,7668.0,5909.0,0.0,0.0
531,11994.0,9985.0,0.0,0.0
532,9157.0,6600.0,0.0,0.0
533,31610.0,50744.0,0.0,0.0
534,36177.0,85942.0,0.0,0.0
535,35926.0,64302.0,0.0,0.0
536,40755.0,59988.0,0.0,0.0
537,42125.0,62213.0,0.0,0.0
538,35478.0,40140.0,0.0,0.0
539,19122.0,23161.0,0.0,0.0
540,18639.0,50175.0,0.0,0.0
541,9106.0,8951.0,0.0,0.0
542,15570.0,8189.0,0.0,0.0
543,3241.0,2610.0,0.0,0.0
544,644.0,3077.0,0.0,0.0
545,2217.0,1499.0,0.0,0.0
546,6452.0,1197.0,0.0,0.0
547,2619.0,867.0,0.0,0.0
548,1859.0,2421.0,0.0,0.0
549,1137.0,416.0,0.0,0.0
550,53.0,39.0,0.0,0.0
551,107.0,85.0,0.0,0.0
552,103.0,58.0,0.0,0.0
553,256.0,167.0,0.0,0.0
554,63.0,91.0,0.0,0.0
555,8.0,20.0,0.0,0.0
556,164.0,178.0,0.0,0.0
557,6.0,3.0,0.0,0.0
558,478.0,282.0,0.0,0.0
559,553.0,267.0,0.0,0.0
560,3348.0,1331.0,0.0,0.0
561,515.0,261.0,0.0,0.0
562,3576.0,1655.0,0.0,0.0
563,9856.0,4347.0,0.0,0.0
564,3461.0,1621.0,0.0,0.0
565,1981.0,3724.0,0.0,0.0
566,11246.0,33984.0,0.0,0.0
567,22040.0,77684.0,0.0,0.0
568,32409.0,51200.0,0.0,0.0
569,29425.0,32037.0,0.0,0.0
570,29644.0,45640.0,0.0,0.0
571,30634.0,38708.0,0.0,0.0
572,37081.0,33972.0,0.0,0.0
573,17471.0,70949.0,0.0,0.0
574,8518.0,14468.0,0.0,0.0
575,1476.0,2065.0,0.0,0.0
576,5255.0,3096.0,0.0,0.0
577,10591.0,3848.0,0.0,0.0
578,2625.0,2184.0,0.0,0.0
579,3263.0,2602.0,0.0,0.0
580,4278.0,2956.0,0.0,0.0
581,177.0,322.0,0.0,0.0
582,1458.0,790.0,0.0,0.0
583,2.0,1.0,0.0,0.0
584,2.0,7.0,0.0,0.0
585,152.0,118.0,0.0,0.0
586,151.0,273.0,0.0,0.0
587,34.0,49.0,0.0,0.0
588,19.0,6.0,0.0,0.0
589,5.0,19.0,0.0,0.0
590,83.0,100.0,0.0,0.0
591,73.0,70.0,0.0,0.0
592,248.0,218.0,0.0,0.0
593,190.0,51.0,0.0,0.0
594,405.0,146.0,0.0,0.0
595,2291.0,1343.0,0.0,0.0
596,697.0,257.0,0.0,0.0
597,4889.0,4229.0,0.0,0.0
598,20361.0,14735.0,0.0,0.0
599,10915.0,3871.0,0.0,0.0
600,13711.0,15479.0,0.0,0.0
601,28824.0,24508.0,0.0,0.0
602,11830.0,14480.0,0.0,0.0
603,13320.0,15684.0,0.0,0.0
604,6114.0,6236.0,0.0,0.0
605,18354.0,40970.0,0.0,0.0
606,9269.0,25862.0,0.0,0.0
607,14412.0,6206.0,0.0,0.0
608,7605.0,4916.0,0.0,0.0
609,21039.0,6541.0,0.0,0.0
610,3800.0,1657.0,0.0,0.0
611,2591.0,1055.0,0.0,0.0
612,3414.0,1741.0,0.0,0.0
613,1140.0,332.0,0.0,0.0
614,1605.0,687.0,0.0,0.0
615,935.0,303.0,0.0,0.0
616,8.0,25.0,0.0,0.0
617,136.0,193.0,0.0,0.0
618,234.0,276.0,0.0,0.0
619,11.0,3.0,0.0,0.0
620,194.0,223.0,0.0,0.0
621,7152.0,3706.0,0.0,0.0
622,11151.0,5906.0,0.0,0.0
623,10197.0,2373.0,0.0,0.0
624,15177.0,29043.0,0.0,0.0
625,20433.0,43701.0,0.0,0.0
626,35565.0,26795.0,0.0,0.0
627,42823.0,27096.0,0.0,0.0
628,9100.0,10658.0,0.0,0.0
629,18749.0,30843.0,0.0,0.0
630,30330.0,23118.0,0.0,0.0
631,7259.0,3032.0,0.0,0.0
632,10169.0,8508.0,0.0,0.0
633,9690.0,6267.0,0.0,0.0
634,327.0,1168.0,0.0,0.0
635,9694.0,3153.0,0.0,0.0
636,8525.0,4592.0,0.0,0.0
637,3517.0,1911.0,0.0,0.0
638,7236.0,4255.0,0.0,0.0
639,1762.0,1270.0,0.0,0.0
640,1431.0,1284.0,0.0,0.0
641,754.0,381.0,0.0,0.0
642,182.0,196.0,0.0,0.0
643,664.0,282.0,0.0,0.0
644,129.0,1712.0,0.0,0.0
645,13.0,13.0,0.0,0.0
646,27.0,39.0,0.0,0.0
647,604.0,656.0,0.0,0.0
648,214.0,578.0,0.0,0.0
649,9046.0,14209.0,0.0,0.0
650,7870.0,13232.0,0.0,0.0
651,5050.0,1442.0,0.0,0.0
652,14069.0,5178.0,0.0,0.0
653,8284.0,31063.0,0.0,0.0
654,10127.0,51398.0,0.0,0.0
655,31185.0,31678.0,0.0,0.0
656,23041.0,28368.0,0.0,0.0
657,10347.0,5939.0,0.0,0.0
658,28288.0,19014.0,0.0,0.0
659,22176.0,12848.0,0.0,0.0
660,2517.0,1330.0,0.0,0.0
661,633.0,856.0,0.0,0.0
662,4756.0,3120.0,0.0,0.0
663,1447.0,3850.0,0.0,0.0
664,6364.0,7249.0,0.0,0.0
665,7014.0,9428.0,0.0,0.0
666,1796.0,10846.0,0.0,0.0
667,4278.0,5801.0,0.0,0.0
668,2289.0,1945.0,0.0,0.0
669,2652.0,1300.0,0.0,0.0
670,1178.0,814.0,0.0,0.0
671,1385.0,582.0,0.0,0.0
672,443.0,203.0,0.0,0.0
673,910.0,1473.0,0.0,0.0
674,224.0,141.0,0.0,0.0
675,385.0,150.0,0.0,0.0
676,3418.0,3196.0,0.0,0.0
677,2467.0,1953.0,0.0,0.0
678,73.0,32.0,0.0,0.0
679,630.0,1074.0,0.0,0.0
680,353.0,728.0,0.0,0.0
681,22.0,15.0,0.0,0.0
682,67.0,41.0,0.0,0.0
683,1.0,11.0,0.0,0.0
684,10864.0,2996.0,0.0,0.0
685,2291.0,6395.0,0.0,0.0
686,1453.0,17041.0,0.0,0.0
687,11262.0,5560.0,0.0,0.0
688,11469.0,44248.0,0.0,0.0
689,14254.0,18033.0,0.0,0.0
690,18420.0,8952.0,0.0,0.0
691,40811.0,25206.0,0.0,0.0
692,38522.0,20265.0,0.0,0.0
693,34696.0,20078.0,0.0,0.0
694,43773.0,12597.0,0.0,0.0
695,1204.0,1064.0,0.0,0.0
696,187.0,437.0,0.0,0.0
697,3947.0,3575.0,0.0,0.0
698,5335.0,5027.0,0.0,0.0
699,2516.0,10070.0,0.0,0.0
700,2085.0,9588.0,0.0,0.0
701,1603.0,1434.0,0.0,0.0
702,5570.0,3976.0,0.0,0.0
703,5368.0,3395.0,0.0,0.0
704,2453.0,1106.0,0.0,0.0
705,1072.0,439.0,0.0,0.0
706,1566.0,784.0,0.0,0.0
707,742.0,404.0,0.0,0.0
708,525.0,604.0,0.0,0.0
709,566.0,903.0,0.0,0.0
710,361.0,154.0,0.0,0.0
711,458.0,214.0,0.0,0.0
712,779.0,434.0,0.0,0.0
713,381.0,203.0,0.0,0.0
714,506.0,508.0,0.0,0.0
715,905.0,720.0,0.0,0.0
716,1883.0,722.0,0.0,0.0
717,633.0,278.0,0.0,0.0
718,432.0,153.0,0.0,0.0
719,443.0,241.0,0.0,0.0
720,0.0,1.0,0.0,0.0
721,117.0,73.0,0.0,0.0
722,21.0,32.0,0.0,0.0
723,37.0,28.0,0.0,0.0
724,6556.0,1968.0,0.0,0.0
725,168.0,416.0,0.0,0.0
726,2753.0,1629.0,0.0,0.0
727,7635.0,4112.0,0.0,0.0
728,7235.0,19675.0,0.0,0.0
729,13022.0,18544.0,0.0,0.0
730,13869.0,11384.0,0.0,0.0
731,15689.0,8381.0,0.0,0.0
732,32306.0,9695.0,0.0,0.0
733,19809.0,7202.0,0.0,0.0
734,9048.0,3782.0,0.0,0.0
735,6711.0,4063.0,0.0,0.0
736,6972.0,2941.0,0.0,0.0
737,6795.0,2620.0,0.0,0.0
738,13508.0,22075.0,0.0,0.0
739,2229.0,4874.0,0.0,0.0
740,1177.0,6249.0,0.0,0.0
741,1161.0,7327.0,0.0,0.0
742,2403.0,8380.0,0.0,0.0
743,6997.0,10163.0,0.0,0.0
744,8962.0,4341.0,0.0,0.0
745,954.0,934.0,0.0,0.0
746,1675.0,2976.0,0.0,0.0
747,1419.0,522.0,0.0,0.0
748,385.0,278.0,0.0,0.0
749,648.0,306.0,0.0,0.0
750,704.0,270.0,0.0,0.0
751,521.0,388.0,0.0,0.0
752,418.0,1310.0,0.0,0.0
753,583.0,196.0,0.0,0.0
754,309.0,235.0,0.0,0.0
755,450.0,919.0,0.0,0.0
756,719.0,442.0,0.0,0.0
757,888.0,387.0,0.0,0.0
758,521.0,926.0,0.0,0.0
759,106.0,99.0,0.0,0.0
760,19.0,10.0,0.0,0.0
761,5494.0,2350.0,0.0,0.0
762,1065.0,552.0,0.0,0.0
763,2765.0,1698.0,0.0,0.0
764,8348.0,3536.0,0.0,0.0
765,7547.0,7258.0,0.0,0.0
766,8991.0,4321.0,0.0,0.0
767,4602.0,6128.0,0.0,0.0
768,9961.0,2478.0,0.0,0.0
769,13836.0,3217.0,0.0,0.0
770,16025.0,5044.0,0.0,0.0
771,18273.0,9432.0,0.0,0.0
772,6819.0,5068.0,0.0,0.0
773,6637.0,5720.0,0.0,0.0
774,1693.0,3640.0,0.0,0.0
775,6595.0,3296.0,0.0,0.0
776,8706.0,8074.0,0.0,0.0
777,3668.0,8239.0,0.0,0.0
778,581.0,10287.0,0.0,0.0
779,13867.0,12906.0,0.0,0.0
780,22561.0,21297.0,0.0,0.0
781,24902.0,13274.0,0.0,0.0
782,2700.0,1496.0,0.0,0.0
783,1571.0,684.0,0.0,0.0
784,1390.0,662.0,0.0,0.0
785,79.0,194.0,0.0,0.0
786,1191.0,434.0,0.0,0.0
787,740.0,1094.0,0.0,0.0
788,454.0,197.0,0.0,0.0
789,613.0,363.0,0.0,0.0
790,685.0,222.0,0.0,0.0
791,324.0,175.0,0.0,0.0
792,785.0,347.0,0.0,0.0
793,246.0,178.0,0.0,0.0
794,1402.0,905.0,0.0,0.0
795,1960.0,1651.0,0.0,0.0
796,1152.0,739.0,0.0,0.0
797,868.0,540.0,0.0,0.0
798,2462.0,918.0,0.0,0.0
799,0.0,5.0,0.0,0.0
800,45.0,15.0,0.0,0.0
801,2.0,3.0,0.0,0.0
802,1.0,3.0,0.0,0.0
803,1.0,3.0,0.0,0.0
804,11.0,16.0,0.0,0.0
805,17.0,21.0,0.0,0.0
806,265.0,211.0,0.0,0.0
807,638.0,345.0,0.0,0.0
808,5130.0,4136.0,0.0,0.0
809,1732.0,1053.0,0.0,0.0
810,1228.0,391.0,0.0,0.0
811,7415.0,2355.0,0.0,0.0
812,1704.0,7411.0,0.0,0.0
813,18048.0,5645.0,0.0,0.0
814,7931.0,1373.0,0.0,0.0
815,1385.0,496.0,0.0,0.0
816,1847.0,649.0,0.0,0.0
817,8827.0,3284.0,0.0,0.0
818,752.0,4453.0,0.0,0.0
819,3413.0,3960.0,0.0,0.0
820,2460.0,780.0,0.0,0.0
821,5148.0,1779.0,0.0,0.0
822,7272.0,5938.0,0.0,0.0
823,6251.0,6036.0,0.0,0.0
824,19234.0,9573.0,0.0,0.0
825,27118.0,25675.0,0.0,0.0
826,4795.0,6185.0,0.0,0.0
827,14193.0,6832.0,0.0,0.0
828,3590.0,2378.0,0.0,0.0
829,3807.0,2893.0,0.0,0.0
830,901.0,498.0,0.0,0.0
831,785.0,320.0,0.0,0.0
832,738.0,414.0,0.0,0.0
833,890.0,663.0,0.0,0.0
834,297.0,152.0,0.0,0.0
835,1495.0,761.0,0.0,0.0
836,363.0,132.0,0.0,0.0
837,833.0,714.0,0.0,0.0
838,2154.0,1830.0,0.0,0.0
839,1086.0,1010.0,0.0,0.0
840,5764.0,3754.0,0.0,0.0
841,16568.0,20122.0,0.0,0.0
842,6367.0,5758.0,0.0,0.0
843,598.0,327.0,0.0,0.0
844,1411.0,888.0,0.0,0.0
845,385.0,308.0,0.0,0.0
846,4.0,3.0,0.0,0.0
847,207.0,76.0,0.0,0.0
848,73.0,76.0,0.0,0.0
849,15.0,22.0,0.0,0.0
850,9.0,1.0,0.0,0.0
851,55.0,14.0,0.0,0.0
852,427.0,141.0,0.0,0.0
853,27.0,139.0,0.0,0.0
854,1636.0,1951.0,0.0,0.0
855,1028.0,515.0,0.0,0.0
856,2053.0,646.0,0.0,0.0
857,3703.0,1031.0,0.0,0.0
858,5084.0,8242.0,0.0,0.0
859,16262.0,9729.0,0.0,0.0
860,17637.0,10967.0,0.0,0.0
861,2559.0,1335.0,0.0,0.0
862,2988.0,932.0,0.0,0.0
863,5052.0,1487.0,0.0,0.0
864,3003.0,849.0,0.0,0.0
865,1982.0,1417.0,0.0,0.0
866,1332.0,1562.0,0.0,0.0
867,4472.0,2632.0,0.0,0.0
868,1302.0,373.0,0.0,0.0
869,9225.0,3580.0,0.0,0.0
870,6804.0,10927.0,0.0,0.0
871,642.0,2881.0,0.0,0.0
872,1611.0,1019.0,0.0,0.0
873,1144.0,564.0,0.0,0.0
874,1699.0,835.0,0.0,0.0
875,724.0,359.0,0.0,0.0
876,3469.0,7348.0,0.0,0.0
877,3241.0,4346.0,0.0,0.0
878,1439.0,912.0,0.0,0.0
879,1034.0,706.0,0.0,0.0
880,1107.0,611.0,0.0,0.0
881,2089.0,1817.0,0.0,0.0
882,217.0,153.0,0.0,0.0
883,678.0,519.0,0.0,0.0
884,858.0,523.0,0.0,0.0
885,4831.0,1836.0,0.0,0.0
886,13266.0,10501.0,0.0,0.0
887,6643.0,8218.0,0.0,0.0
888,1273.0,501.0,0.0,0.0
889,660.0,448.0,0.0,0.0
890,315.0,219.0,0.0,0.0
891,123.0,83.0,0.0,0.0
892,356.0,117.0,0.0,0.0
893,1097.0,1493.0,0.0,0.0
894,569.0,1200.0,0.0,0.0
895,336.0,560.0,0.0,0.0
896,2163.0,974.0,0.0,0.0
897,4752.0,3566.0,0.0,0.0
898,4064.0,2022.0,0.0,0.0
899,2173.0,2269.0,0.0,0.0
900,5009.0,2303.0,0.0,0.0
901,5331.0,2855.0,0.0,0.0
902,2491.0,2467.0,0.0,0.0
903,3293.0,1776.0,0.0,0.0
904,158.0,320.0,0.0,0.0
905,3582.0,3157.0,0.0,0.0
906,5939.0,4467.0,0.0,0.0
907,2224.0,1171.0,0.0,0.0
908,2487.0,2104.0,0.0,0.0
909,3443.0,1602.0,0.0,0.0
910,5364.0,2664.0,0.0,0.0
911,1323.0,492.0,0.0,0.0
912,850.0,3534.0,0.0,0.0
913,1186.0,452.0,0.0,0.0
914,3761.0,4940.0,0.0,0.0
915,22206.0,9816.0,0.0,0.0
916,3269.0,2394.0,0.0,0.0
917,1936.0,1057.0,0.0,0.0
918,1809.0,923.0,0.0,0.0
919,952.0,362.0,0.0,0.0
920,369.0,487.0,0.0,0.0
921,464.0,290.0,0.0,0.0
922,317.0,1981.0,0.0,0.0
923,744.0,318.0,0.0,0.0
924,451.0,170.0,0.0,0.0
925,800.0,476.0,0.0,0.0
926,53.0,195.0,0.0,0.0
927,293.0,107.0,0.0,0.0
928,1366.0,906.0,0.0,0.0
929,933.0,1109.0,0.0,0.0
930,1041.0,320.0,0.0,0.0
931,1735.0,539.0,0.0,0.0
932,1591.0,560.0,0.0,0.0
933,2015.0,3428.0,0.0,0.0
934,1365.0,710.0,0.0,0.0
935,588.0,339.0,0.0,0.0
936,781.0,987.0,0.0,0.0
937,519.0,445.0,0.0,0.0
938,893.0,1026.0,0.0,0.0
939,294.0,976.0,0.0,0.0
940,42.0,127.0,0.0,0.0
941,177.0,130.0,0.0,0.0
942,63.0,65.0,0.0,0.0
943,436.0,196.0,0.0,0.0
944,834.0,1898.0,0.0,0.0
945,394.0,631.0,0.0,0.0
946,840.0,508.0,0.0,0.0
947,1111.0,1535.0,0.0,0.0
948,5450.0,1933.0,0.0,0.0
949,9115.0,4762.0,0.0,0.0
950,11612.0,22763.0,0.0,0.0
951,9122.0,4100.0,0.0,0.0
952,4321.0,11685.0,0.0,0.0
953,2170.0,1084.0,0.0,0.0
954,1382.0,497.0,0.0,0.0
955,927.0,367.0,0.0,0.0
956,2499.0,890.0,0.0,0.0
957,919.0,430.0,0.0,0.0
958,1361.0,617.0,0.0,0.0
959,1322.0,445.0,0.0,0.0
960,531.0,206.0,0.0,0.0
961,890.0,755.0,0.0,0.0
962,2127.0,1194.0,0.0,0.0
963,2143.0,951.0,0.0,0.0
964,4728.0,2433.0,0.0,0.0
965,2023.0,757.0,0.0,0.0
966,1263.0,588.0,0.0,0.0
967,4603.0,4973.0,0.0,0.0
968,1665.0,1208.0,0.0,0.0
969,939.0,305.0,0.0,0.0
970,1086.0,606.0,0.0,0.0
971,680.0,214.0,0.0,0.0
972,835.0,507.0,0.0,0.0
973,364.0,186.0,0.0,0.0
974,362.0,288.0,0.0,0.0
975,115.0,89.0,0.0,0.0
976,715.0,310.0,0.0,0.0
977,461.0,331.0,0.0,0.0
978,563.0,898.0,0.0,0.0
979,501.0,541.0,0.0,0.0
980,292.0,124.0,0.0,0.0
981,101.0,118.0,0.0,0.0
982,406.0,124.0,0.0,0.0
983,677.0,567.0,0.0,0.0
984,91.0,139.0,0.0,0.0
985,743.0,454.0,0.0,0.0
986,375.0,210.0,0.0,0.0
987,605.0,236.0,0.0,0.0
988,516.0,399.0,0.0,0.0
989,480.0,421.0,0.0,0.0
990,120.0,49.0,0.0,0.0
991,1.0,2.0,0.0,0.0
992,421.0,328.0,0.0,0.0
993,1086.0,1460.0,0.0,0.0
994,2375.0,1407.0,0.0,0.0
995,1226.0,1602.0,0.0,0.0
996,1047.0,621.0,0.0,0.0
997,6497.0,4280.0,0.0,0.0
998,28294.0,16655.0,0.0,0.0
999,34455.0,34205.0,0.0,0.0
1000,9695.0,6447.0,0.0,0.0
1001,8982.0,2290.0,0.0,0.0
1002,181.0,578.0,0.0,0.0
1003,1836.0,1338.0,0.0,0.0
1004,1324.0,822.0,0.0,0.0
1005,1555.0,1582.0,0.0,0.0
1006,1101.0,838.0,0.0,0.0
1007,778.0,738.0,0.0,0.0
1008,864.0,432.0,0.0,0.0
1009,4419.0,2986.0,0.0,0.0
1010,1201.0,6765.0,0.0,0.0
1011,2042.0,1123.0,0.0,0.0
1012,1976.0,1871.0,0.0,0.0
1013,2564.0,2235.0,0.0,0.0
1014,3267.0,6547.0,0.0,0.0
1015,4834.0,4004.0,0.0,0.0
1016,886.0,444.0,0.0,0.0
1017,1191.0,750.0,0.0,0.0
1018,1253.0,716.0,0.0,0.0
1019,721.0,343.0,0.0,0.0
1020,438.0,168.0,0.0,0.0
1021,1155.0,703.0,0.0,0.0
1022,72.0,78.0,0.0,0.0
1023,436.0,146.0,0.0,0.0
1024,117.0,73.0,0.0,0.0
1025,43.0,27.0,0.0,0.0
1026,154.0,61.0,0.0,0.0
1027,49.0,58.0,0.0,0.0
1028,179.0,82.0,0.0,0.0
1029,138.0,153.0,0.0,0.0
1030,1159.0,453.0,0.0,0.0
1031,2244.0,3410.0,0.0,0.0
1032,7532.0,6793.0,0.0,0.0
1033,3952.0,2682.0,0.0,0.0
1034,1401.0,2033.0,0.0,0.0
1035,3868.0,2243.0,0.0,0.0
1036,3023.0,2116.0,0.0,0.0
1037,4262.0,2565.0,0.0,0.0
1038,1525.0,1050.0,0.0,0.0
1039,1130.0,602.0,0.0,0.0
1040,590.0,313.0,0.0,0.0
1041,1372.0,950.0,0.0,0.0
1042,1071.0,330.0,0.0,0.0
1043,862.0,969.0,0.0,0.0
1044,155.0,294.0,0.0,0.0
1045,1424.0,436.0,0.0,0.0
1046,119.0,249.0,0.0,0.0
1047,1925.0,1225.0,0.0,0.0
1048,251.0,110.0,0.0,0.0
1049,708.0,254.0,0.0,0.0
1050,639.0,397.0,0.0,0.0
1051,1342.0,499.0,0.0,0.0
1052,1252.0,2294.0,0.0,0.0
1053,835.0,304.0,0.0,0.0
1054,259.0,130.0,0.0,0.0
1055,736.0,865.0,0.0,0.0
1056,13.0,44.0,0.0,0.0
1057,130.0,42.0,0.0,0.0
1058,320.0,417.0,0.0,0.0
1059,55.0,44.0,0.0,0.0
1060,261.0,113.0,0.0,0.0
1061,2582.0,1842.0,0.0,0.0
1062,689.0,576.0,0.0,0.0
1063,1062.0,449.0,0.0,0.0
1064,33.0,112.0,0.0,0.0
1065,32.0,62.0,0.0,0.0
1066,671.0,306.0,0.0,0.0
1067,849.0,444.0,0.0,0.0
1068,261.0,441.0,0.0,0.0
1069,1753.0,772.0,0.0,0.0
1070,1016.0,3352.0,0.0,0.0
1071,1048.0,459.0,0.0,0.0
1072,1407.0,600.0,0.0,0.0
1073,431.0,162.0,0.0,0.0
1074,854.0,287.0,0.0,0.0
1075,704.0,283.0,0.0,0.0
1076,384.0,197.0,0.0,0.0
1077,744.0,252.0,0.0,0.0
1078,103.0,52.0,0.0,0.0
1079,6.0,17.0,0.0,0.0
1080,362.0,168.0,0.0,0.0
1081,232.0,135.0,0.0,0.0
1082,167.0,91.0,0.0,0.0
1083,224.0,59.0,0.0,0.0
1084,749.0,250.0,0.0,0.0
1085,6901.0,3355.0,0.0,0.0
1086,4031.0,4485.0,0.0,0.0
1087,216.0,304.0,0.0,0.0
1088,28.0,32.0,0.0,0.0
1089,1031.0,741.0,0.0,0.0
1090,882.0,589.0,0.0,0.0
1091,152.0,64.0,0.0,0.0
1092,318.0,320.0,0.0,0.0
1093,8.0,13.0,0.0,0.0
1094,9.0,8.0,0.0,0.0
1095,1286.0,588.0,0.0,0.0
1096,1301.0,1503.0,0.0,0.0
1097,1033.0,764.0,0.0,0.0
1098,3040.0,2712.0,0.0,0.0
1099,4208.0,2565.0,0.0,0.0
1100,3528.0,2777.0,0.0,0.0
1101,1804.0,1311.0,0.0,0.0
1102,530.0,173.0,0.0,0.0
1103,529.0,160.0,0.0,0.0
1104,567.0,275.0,0.0,0.0
1105,145.0,68.0,0.0,0.0
1106,29.0,17.0,0.0,0.0
1107,256.0,93.0,0.0,0.0
1108,149.0,278.0,0.0,0.0
1109,75.0,19.0,0.0,0.0
1110,41.0,37.0,0.0,0.0
1111,90.0,248.0,0.0,0.0
1112,48.0,30.0,0.0,0.0
1113,8.0,14.0,0.0,0.0
1114,135.0,77.0,0.0,0.0
1115,22.0,210.0,0.0,0.0
1116,1102.0,1122.0,0.0,0.0
1117,199.0,114.0,0.0,0.0
1118,43.0,36.0,0.0,0.0
1119,113.0,44.0,0.0,0.0
1120,259.0,194.0,0.0,0.0
1121,894.0,664.0,0.0,0.0
1122,926.0,1057.0,0.0,0.0
1123,8320.0,4761.0,0.0,0.0
1124,6218.0,5260.0,0.0,0.0
1125,2261.0,2814.0,0.0,0.0
1126,705.0,193.0,0.0,0.0
1127,265.0,138.0,0.0,0.0
1128,650.0,533.0,0.0,0.0
1129,10.0,2.0,0.0,0.0
1130,157.0,54.0,0.0,0.0
1131,327.0,693.0,0.0,0.0
1132,76.0,44.0,0.0,0.0
1133,6.0,78.0,0.0,0.0
1134,0.0,5.0,0.0,0.0
1135,2.0,8.0,0.0,0.0
1136,125.0,38.0,0.0,0.0
1137,7.0,3.0,0.0,0.0
1138,36.0,7.0,0.0,0.0
1139,48.0,22.0,0.0,0.0
1140,49.0,65.0,0.0,0.0
1141,98.0,27.0,0.0,0.0
1142,196.0,118.0,0.0,0.0
1143,416.0,232.0,0.0,0.0
1144,10211.0,12455.0,0.0,0.0
1145,15308.0,15619.0,0.0,0.0
1146,2660.0,2062.0,0.0,0.0
1147,4828.0,4206.0,0.0,0.0
1148,1061.0,467.0,0.0,0.0
1149,492.0,290.0,0.0,0.0
1150,310.0,1179.0,0.0,0.0
1151,993.0,967.0,0.0,0.0
1152,221.0,369.0,0.0,0.0
1153,2.0,2.0,0.0,0.0
1154,1.0,0.0,0.0,0.0
1155,325.0,129.0,0.0,0.0
1156,106.0,85.0,0.0,0.0
1157,257.0,136.0,0.0,0.0
1158,9.0,49.0,0.0,0.0
1159,41.0,243.0,0.0,0.0
1160,10.0,11.0,0.0,0.0
1161,0.0,14.0,0.0,0.0
1162,125.0,107.0,0.0,0.0
1163,110.0,34.0,0.0,0.0
1164,147.0,62.0,0.0,0.0
1165,142.0,110.0,0.0,0.0
1166,194.0,159.0,0.0,0.0
1167,203.0,88.0,0.0,0.0
1168,973.0,529.0,0.0,0.0
1169,814.0,218.0,0.0,0.0
1170,5319.0,5303.0,0.0,0.0
1171,9882.0,7650.0,0.0,0.0
1172,1768.0,5775.0,0.0,0.0
1173,986.0,184.0,0.0,0.0
1174,1330.0,933.0,0.0,0.0
1175,2296.0,2001.0,0.0,0.0
1176,414.0,2931.0,0.0,0.0
1177,1816.0,1858.0,0.0,0.0
1178,1531.0,604.0,0.0,0.0
1179,116.0,41.0,0.0,0.0
1180,101.0,27.0,0.0,0.0
1181,246.0,428.0,0.0,0.0
1182,219.0,75.0,0.0,0.0
1183,1298.0,1881.0,0.0,0.0
1184,1136.0,1887.0,0.0,0.0
1185,705.0,367.0,0.0,0.0
1186,1031.0,1185.0,0.0,0.0
1187,31.0,27.0,0.0,0.0
1188,159.0,60.0,0.0,0.0
1189,231.0,137.0,0.0,0.0
1190,70.0,46.0,0.0,0.0
1191,279.0,176.0,0.0,0.0
1192,439.0,435.0,0.0,0.0
1193,0.0,1.0,0.0,0.0
1194,163.0,95.0,0.0,0.0
1195,340.0,484.0,0.0,0.0
1196,1.0,1.0,0.0,0.0
1197,14.0,27.0,0.0,0.0
1198,485.0,336.0,0.0,0.0
1199,504.0,339.0,0.0,0.0
1200,1811.0,1146.0,0.0,0.0
1201,1611.0,1620.0,0.0,0.0
1202,6385.0,6702.0,0.0,0.0
1203,388.0,2872.0,0.0,0.0
1204,466.0,121.0,0.0,0.0
1205,1413.0,2730.0,0.0,0.0
1206,1516.0,1447.0,0.0,0.0
1207,9123.0,8358.0,0.0,0.0
1208,15317.0,14703.0,0.0,0.0
1209,6380.0,6209.0,0.0,0.0
1210,57.0,122.0,0.0,0.0
1211,350.0,320.0,0.0,0.0
1212,731.0,938.0,0.0,0.0
1213,336.0,144.0,0.0,0.0
1214,98.0,40.0,0.0,0.0
1215,69.0,48.0,0.0,0.0
1216,3.0,1.0,0.0,0.0
1217,45.0,23.0,0.0,0.0
1218,2099.0,2269.0,0.0,0.0
1219,997.0,997.0,0.0,0.0
1220,346.0,332.0,0.0,0.0
1221,446.0,173.0,0.0,0.0
1222,107.0,94.0,0.0,0.0
1223,23.0,24.0,0.0,0.0
1224,26.0,23.0,0.0,0.0
1225,24.0,16.0,0.0,0.0
1226,74.0,82.0,0.0,0.0
1227,192.0,117.0,0.0,0.0
1228,296.0,232.0,0.0,0.0
1229,123.0,104.0,0.0,0.0
1230,46.0,240.0,0.0,0.0
1231,101.0,512.0,0.0,0.0
1232,402.0,1567.0,0.0,0.0
1233,1875.0,1797.0,0.0,0.0
1234,674.0,238.0,0.0,0.0
1235,778.0,1416.0,0.0,0.0
1236,335.0,151.0,0.0,0.0
1237,2808.0,1719.0,0.0,0.0
1238,19472.0,18875.0,0.0,0.0
1239,25837.0,18360.0,0.0,0.0
1240,1561.0,2352.0,0.0,0.0
1241,528.0,403.0,0.0,0.0
1242,1028.0,1058.0,0.0,0.0
1243,130.0,89.0,0.0,0.0
1244,9.0,15.0,0.0,0.0
1245,65.0,71.0,0.0,0.0
1246,40.0,36.0,0.0,0.0
1247,77.0,52.0,0.0,0.0
1248,169.0,389.0,0.0,0.0
1249,40.0,30.0,0.0,0.0
1250,452.0,211.0,0.0,0.0
1251,587.0,469.0,0.0,0.0
1252,618.0,190.0,0.0,0.0
1253,557.0,171.0,0.0,0.0
1254,296.0,198.0,0.0,0.0
1255,9.0,5.0,0.0,0.0
1256,74.0,51.0,0.0,0.0
1257,315.0,250.0,0.0,0.0
1258,37.0,35.0,0.0,0.0
1259,45.0,12.0,0.0,0.0
1260,21.0,8.0,0.0,0.0
1261,121.0,132.0,0.0,0.0
1262,361.0,180.0,0.0,0.0
1263,200.0,290.0,0.0,0.0
1264,47.0,47.0,0.0,0.0
1265,130.0,111.0,0.0,0.0
1266,3010.0,5777.0,0.0,0.0
1267,408.0,392.0,0.0,0.0
1268,278.0,95.0,0.0,0.0
1269,6049.0,2425.0,0.0,0.0
1270,1736.0,1433.0,0.0,0.0
1271,1558.0,1051.0,0.0,0.0
1272,234.0,307.0,0.0,0.0
1273,369.0,904.0,0.0,0.0
1274,365.0,154.0,0.0,0.0
1275,115.0,43.0,0.0,0.0
1276,73.0,48.0,0.0,0.0
1277,83.0,98.0,0.0,0.0
1278,109.0,131.0,0.0,0.0
1279,76.0,63.0,0.0,0.0
1280,752.0,378.0,0.0,0.0
1281,801.0,374.0,0.0,0.0
1282,1509.0,620.0,0.0,0.0
1283,1382.0,913.0,0.0,0.0
1284,695.0,296.0,0.0,0.0
1285,1332.0,859.0,0.0,0.0
1286,261.0,134.0,0.0,0.0
1287,139.0,128.0,0.0,0.0
1288,0.0,3.0,0.0,0.0
1289,73.0,192.0,0.0,0.0
1290,19.0,13.0,0.0,0.0
1291,131.0,85.0,0.0,0.0
1292,289.0,279.0,0.0,0.0
1293,564.0,264.0,0.0,0.0
1294,311.0,455.0,0.0,0.0
1295,909.0,642.0,0.0,0.0
1296,653.0,763.0,0.0,0.0
1297,521.0,193.0,0.0,0.0
1298,589.0,394.0,0.0,0.0
1299,686.0,379.0,0.0,0.0
1300,186.0,145.0,0.0,0.0
1301,59.0,35.0,0.0,0.0
1302,63.0,46.0,0.0,0.0
1303,125.0,118.0,0.0,0.0
1304,23.0,16.0,0.0,0.0
1305,388.0,273.0,0.0,0.0
1306,70.0,33.0,0.0,0.0
1307,3.0,13.0,0.0,0.0
1308,16.0,117.0,0.0,0.0
1309,312.0,563.0,0.0,0.0
1310,9661.0,7804.0,0.0,0.0
1311,3281.0,3650.0,0.0,0.0
1312,695.0,1052.0,0.0,0.0
1313,111.0,52.0,0.0,0.0
1314,177.0,200.0,0.0,0.0
1315,131.0,203.0,0.0,0.0
1316,282.0,159.0,0.0,0.0
1317,0.0,24.0,0.0,0.0
1318,272.0,210.0,0.0,0.0
1319,462.0,408.0,0.0,0.0
1320,367.0,524.0,0.0,0.0
1321,30.0,45.0,0.0,0.0
1322,116.0,97.0,0.0,0.0
1323,216.0,61.0,0.0,0.0
1324,81.0,65.0,0.0,0.0
1325,464.0,625.0,0.0,0.0
1326,390.0,319.0,0.0,0.0
1327,90.0,204.0,0.0,0.0
1328,18179.0,21339.0,0.0,0.0
1329,5794.0,6738.0,0.0,0.0
1330,206.0,92.0,0.0,0.0
1331,21.0,21.0,0.0,0.0
1332,26.0,8.0,0.0,0.0
1333,9.0,7.0,0.0,0.0
1334,1647.0,2487.0,0.0,0.0
1335,1282.0,806.0,0.0,0.0
1336,202.0,299.0,0.0,0.0
1337,60.0,63.0,0.0,0.0
1338,16.0,39.0,0.0,0.0
1339,46.0,42.0,0.0,0.0
1340,17.0,4.0,0.0,0.0
1341,470.0,258.0,0.0,0.0
1342,1077.0,819.0,0.0,0.0
1343,405.0,239.0,0.0,0.0
1344,77.0,24.0,0.0,0.0
1345,399.0,185.0,0.0,0.0
1346,1115.0,462.0,0.0,0.0
1347,111.0,305.0,0.0,0.0
1348,538.0,797.0,0.0,0.0
1349,255.0,111.0,0.0,0.0
1350,1894.0,1370.0,0.0,0.0
1351,1715.0,1212.0,0.0,0.0
1352,1736.0,1074.0,0.0,0.0
1353,1559.0,1066.0,0.0,0.0
1354,455.0,215.0,0.0,0.0
1355,434.0,250.0,0.0,0.0
1356,1.0,0.0,0.0,0.0
1357,254.0,79.0,0.0,0.0
1358,68.0,40.0,0.0,0.0
1359,2.0,11.0,0.0,0.0
1360,47.0,11.0,0.0,0.0
1361,19.0,17.0,0.0,0.0
1362,68.0,51.0,0.0,0.0
1363,850.0,358.0,0.0,0.0
1364,329.0,774.0,0.0,0.0
1365,65.0,102.0,0.0,0.0
1366,74.0,45.0,0.0,0.0
1367,40.0,78.0,0.0,0.0
1368,89.0,51.0,0.0,0.0
1369,79.0,62.0,0.0,0.0
1370,471.0,246.0,0.0,0.0
1371,607.0,332.0,0.0,0.0
1372,632.0,788.0,0.0,0.0
1373,217.0,124.0,0.0,0.0
1374,296.0,210.0,0.0,0.0
1375,402.0,198.0,0.0,0.0
1376,613.0,504.0,0.0,0.0
1377,199.0,110.0,0.0,0.0
1378,163.0,204.0,0.0,0.0
1379,112.0,162.0,0.0,0.0
1380,66.0,33.0,0.0,0.0
1381,64.0,33.0,0.0,0.0
1382,52.0,35.0,0.0,0.0
1383,35.0,33.0,0.0,0.0
1384,25.0,64.0,0.0,0.0
1385,200.0,114.0,0.0,0.0
1386,72.0,99.0,0.0,0.0
1387,54.0,35.0,0.0,0.0
1388,56.0,55.0,0.0,0.0
1389,297.0,207.0,0.0,0.0
1390,232.0,490.0,0.0,0.0
1391,19.0,9.0,0.0,0.0
1392,18.0,67.0,0.0,0.0
1393,798.0,423.0,0.0,0.0
1394,470.0,279.0,0.0,0.0
1395,342.0,297.0,0.0,0.0
1396,201.0,199.0,0.0,0.0
1397,322.0,206.0,0.0,0.0
1398,528.0,402.0,0.0,0.0
1399,316.0,198.0,0.0,0.0
1400,368.0,196.0,0.0,0.0
1401,3047.0,3254.0,0.0,0.0
1402,97.0,421.0,0.0,0.0
1403,25.0,5.0,0.0,0.0
1404,2.0,4.0,0.0,0.0
1405,6.0,0.0,0.0,0.0
1406,58.0,43.0,0.0,0.0
1407,133.0,72.0,0.0,0.0
1408,227.0,113.0,0.0,0.0
1409,579.0,1113.0,0.0,0.0
1410,3.0,2.0,0.0,0.0
1411,63.0,26.0,0.0,0.0
1412,37.0,15.0,0.0,0.0
1413,415.0,170.0,0.0,0.0
1414,283.0,134.0,0.0,0.0
1415,781.0,1400.0,0.0,0.0
1416,353.0,114.0,0.0,0.0
1417,129.0,48.0,0.0,0.0
1418,99.0,130.0,0.0,0.0
1419,89.0,30.0,0.0,0.0
1420,51.0,12.0,0.0,0.0
1421,53.0,27.0,0.0,0.0
1422,42.0,13.0,0.0,0.0
1423,82.0,71.0,0.0,0.0
1424,81.0,54.0,0.0,0.0
1425,31.0,7.0,0.0,0.0
1426,12.0,18.0,0.0,0.0
1427,46.0,23.0,0.0,0.0
1428,4.0,5.0,0.0,0.0
1429,150.0,473.0,0.0,0.0
1430,329.0,214.0,0.0,0.0
1431,510.0,1024.0,0.0,0.0
1432,134.0,85.0,0.0,0.0
1433,307.0,127.0,0.0,0.0
1434,475.0,677.0,0.0,0.0
1435,403.0,222.0,0.0,0.0
1436,116.0,68.0,0.0,0.0
1437,378.0,485.0,0.0,0.0
1438,47.0,122.0,0.0,0.0
1439,21.0,36.0,0.0,0.0
1440,2.0,3.0,0.0,0.0
1441,5.0,10.0,0.0,0.0
1442,52.0,55.0,0.0,0.0
1443,4.0,20.0,0.0,0.0
1444,54.0,30.0,0.0,0.0
1445,1.0,2.0,0.0,0.0
1446,76.0,102.0,0.0,0.0
1447,212.0,138.0,0.0,0.0
1448,355.0,805.0,0.0,0.0
1449,152.0,125.0,0.0,0.0
1450,47.0,30.0,0.0,0.0
1451,41.0,18.0,0.0,0.0
1452,351.0,279.0,0.0,0.0
1453,133.0,97.0,0.0,0.0
1454,20.0,77.0,0.0,0.0
1455,0.0,1.0,0.0,0.0
1456,5.0,4.0,0.0,0.0
1457,112.0,52.0,0.0,0.0
1458,11.0,15.0,0.0,0.0
1459,14.0,9.0,0.0,0.0
1460,21.0,23.0,0.0,0.0
1461,3.0,10.0,0.0,0.0
1462,22.0,9.0,0.0,0.0
1463,8.0,32.0,0.0,0.0
1464,15.0,18.0,0.0,0.0
1465,27.0,12.0,0.0,0.0
1466,20.0,3.0,0.0,0.0
1467,11.0,22.0,0.0,0.0
1468,116.0,89.0,0.0,0.0
1469,99.0,61.0,0.0,0.0
1470,103.0,72.0,0.0,0.0
1471,264.0,105.0,0.0,0.0
1472,187.0,70.0,0.0,0.0
1473,45.0,46.0,0.0,0.0
1474,56.0,35.0,0.0,0.0
1475,0.0,4.0,0.0,0.0
1476,4.0,6.0,0.0,0.0
1477,2.0,1.0,0.0,0.0
1478,35.0,29.0,0.0,0.0
1479,10.0,3.0,0.0,0.0
1480,24.0,12.0,0.0,0.0
1481,17.0,13.0,0.0,0.0
1482,26.0,23.0,0.0,0.0
1483,0.0,1.0,0.0,0.0
1484,85.0,60.0,0.0,0.0
1485,64.0,37.0,0.0,0.0
1486,62.0,59.0,0.0,0.0
1487,43.0,20.0,0.0,0.0
1488,176.0,649.0,0.0,0.0
1489,129.0,73.0,0.0,0.0
1490,57.0,27.0,0.0,0.0
1491,17.0,12.0,0.0,0.0
1492,27.0,17.0,0.0,0.0
1493,75.0,49.0,0.0,0.0
1494,11.0,7.0,0.0,0.0
1495,0.0,2.0,0.0,0.0
1496,17.0,25.0,0.0,0.0
1497,3.0,1.0,0.0,0.0
1498,121.0,405.0,0.0,0.0
1499,17.0,3.0,0.0,0.0
1500,3.0,13.0,0.0,0.0
1501,2.0,3.0,0.0,0.0
1502,73.0,125.0,0.0,0.0
1503,28.0,28.0,0.0,0.0
1504,19.0,116.0,0.0,0.0
1505,50.0,191.0,0.0,0.0
1506,11.0,6.0,0.0,0.0
1507,24.0,24.0,0.0,0.0
1508,121.0,108.0,0.0,0.0
1509,72.0,45.0,0.0,0.0
1510,44.0,34.0,0.0,0.0
1511,130.0,224.0,0.0,0.0
1512,16.0,25.0,0.0,0.0
1513,6.0,28.0,0.0,0.0
1514,2.0,3.0,0.0,0.0
1515,1.0,3.0,0.0,0.0
1516,94.0,84.0,0.0,0.0
1517,77.0,60.0,0.0,0.0
1518,52.0,48.0,0.0,0.0
1519,6.0,5.0,0.0,0.0
1520,40.0,49.0,0.0,0.0
1521,61.0,55.0,0.0,0.0
1522,61.0,38.0,0.0,0.0
1523,262.0,98.0,0.0,0.0
1524,610.0,1125.0,0.0,0.0
1525,104.0,219.0,0.0,0.0
1526,53.0,92.0,0.0,0.0
1527,76.0,95.0,0.0,0.0
1528,50.0,76.0,0.0,0.0
1529,130.0,107.0,0.0,0.0
1530,3.0,7.0,0.0,0.0
1531,12.0,8.0,0.0,0.0
1532,16.0,12.0,0.0,0.0
1533,33.0,12.0,0.0,0.0
1534,5.0,4.0,0.0,0.0
1535,0.0,2.0,0.0,0.0
1536,47.0,16.0,0.0,0.0
1537,39.0,37.0,0.0,0.0
1538,34.0,35.0,0.0,0.0
1539,11.0,14.0,0.0,0.0
1540,672.0,304.0,0.0,0.0
1541,387.0,135.0,0.0,0.0
1542,1039.0,1466.0,0.0,0.0
1543,972.0,418.0,0.0,0.0
1544,785.0,332.0,0.0,0.0
1545,534.0,147.0,0.0,0.0
1546,0.0,3.0,0.0,0.0
1547,373.0,88.0,0.0,0.0
1548,637.0,261.0,0.0,0.0
1549,625.0,239.0,0.0,0.0
1550,752.0,377.0,0.0,0.0
1551,986.0,856.0,0.0,0.0
1552,574.0,281.0,0.0,0.0
1553,269.0,52.0,0.0,0.0
1554,706.0,1191.0,0.0,0.0
1555,3046.0,1759.0,0.0,0.0
1556,357.0,631.0,0.0,0.0
1557,0.0,1.0,0.0,0.0
1558,35.0,29.0,0.0,0.0
1559,117.0,87.0,0.0,0.0
1560,110.0,481.0,0.0,0.0
1561,74.0,44.0,0.0,0.0
1562,28.0,12.0,0.0,0.0
1563,13.0,2.0,0.0,0.0
1564,90.0,85.0,0.0,0.0
1565,17.0,6.0,0.0,0.0
1566,18.0,13.0,0.0,0.0
1567,44.0,32.0,0.0,0.0
1568,135.0,453.0,0.0,0.0
1569,88.0,32.0,0.0,0.0
1570,53.0,25.0,0.0,0.0
1571,49.0,58.0,0.0,0.0
1572,18.0,26.0,0.0,0.0
1573,277.0,586.0,0.0,0.0
1574,24.0,11.0,0.0,0.0
1575,1.0,0.0,0.0,0.0
1576,1.0,5.0,0.0,0.0
1577,2.0,2.0,0.0,0.0
1578,24.0,19.0,0.0,0.0
1579,65.0,34.0,0.0,0.0
1580,29.0,17.0,0.0,0.0
1581,1.0,1.0,0.0,0.0
1582,168.0,70.0,0.0,0.0
1583,215.0,877.0,0.0,0.0
1584,36.0,47.0,0.0,0.0
1585,9.0,6.0,0.0,0.0
1586,54.0,45.0,0.0,0.0
1587,104.0,33.0,0.0,0.0
1588,13.0,14.0,0.0,0.0
1589,5.0,1.0,0.0,0.0
1590,12.0,7.0,0.0,0.0
1591,67.0,58.0,0.0,0.0
1592,13.0,16.0,0.0,0.0
1593,21.0,12.0,0.0,0.0
1594,1.0,3.0,0.0,0.0
1595,26.0,18.0,0.0,0.0
1596,27.0,24.0,0.0,0.0
1597,5.0,12.0,0.0,0.0
1598,60.0,35.0,0.0,0.0
1599,139.0,392.0,0.0,0.0
1600,77.0,54.0,0.0,0.0
1601,24.0,12.0,0.0,0.0
1602,36.0,18.0,0.0,0.0
1603,4.0,10.0,0.0,0.0
1604,2.0,0.0,0.0,0.0
1605,58.0,41.0,0.0,0.0
1606,19.0,15.0,0.0,0.0
1607,98.0,47.0,0.0,0.0
1608,7.0,22.0,0.0,0.0
1609,1.0,0.0,0.0,0.0
1610,0.0,0.0,0.0,0.0
1611,1.0,2.0,0.0,0.0
1612,111.0,90.0,0.0,0.0
1613,0.0,0.0,0.0,0.0
1614,71.0,38.0,0.0,0.0
1615,1040.0,1795.0,0.0,0.0
1616,602.0,221.0,0.0,0.0
1617,237.0,71.0,0.0,0.0
1618,475.0,247.0,0.0,0.0
1619,2453.0,2398.0,0.0,0.0
1620,704.0,213.0,0.0,0.0
1621,306.0,112.0,0.0,0.0
1622,484.0,166.0,0.0,0.0
1623,631.0,315.0,0.0,0.0
1624,614.0,155.0,0.0,0.0
1625,102.0,50.0,0.0,0.0
1626,527.0,162.0,0.0,0.0
1627,915.0,308.0,0.0,0.0
1628,261.0,426.0,0.0,0.0
1629,661.0,270.0,0.0,0.0
1630,481.0,224.0,0.0,0.0
1631,2523.0,1163.0,0.0,0.0
1632,6.0,6.0,0.0,0.0
1633,31.0,19.0,0.0,0.0
1634,22.0,14.0,0.0,0.0
1635,50.0,351.0,0.0,0.0
1636,10.0,4.0,0.0,0.0
1637,1.0,2.0,0.0,0.0
1638,40.0,21.0,0.0,0.0
1639,22.0,10.0,0.0,0.0
1640,19.0,12.0,0.0,0.0
1641,0.0,1.0,0.0,0.0
1642,23.0,7.0,0.0,0.0
1643,12.0,2.0,0.0,0.0
1644,11.0,5.0,0.0,0.0
1645,22.0,18.0,0.0,0.0
1646,32.0,49.0,0.0,0.0
1647,53.0,20.0,0.0,0.0
1648,7.0,3.0,0.0,0.0
1649,13.0,7.0,0.0,0.0
1650,4.0,1.0,0.0,0.0
1651,10.0,11.0,0.0,0.0
1652,11.0,2.0,0.0,0.0
1653,4.0,6.0,0.0,0.0
1654,7.0,2.0,0.0,0.0
1655,0.0,0.0,0.0,0.0
1656,0.0,0.0,0.0,0.0
1657,8.0,11.0,0.0,0.0
1658,144.0,151.0,0.0,0.0
1659,281.0,222.0,0.0,0.0
1660,159.0,104.0,0.0,0.0
1661,142.0,86.0,0.0,0.0
1662,204.0,114.0,0.0,0.0
1663,587.0,415.0,0.0,0.0
1664,678.0,384.0,0.0,0.0
1665,2415.0,1158.0,0.0,0.0
1666,670.0,798.0,0.0,0.0
1667,482.0,311.0,0.0,0.0
1668,2704.0,2239.0,0.0,0.0
1669,1596.0,1877.0,0.0,0.0
1670,1041.0,701.0,0.0,0.0
1671,1168.0,1008.0,0.0,0.0
1672,672.0,353.0,0.0,0.0
1673,372.0,152.0,0.0,0.0
1674,933.0,393.0,0.0,0.0
1675,33.0,84.0,0.0,0.0
1676,785.0,363.0,0.0,0.0
1677,664.0,772.0,0.0,0.0
1678,697.0,330.0,0.0,0.0
1679,1298.0,586.0,0.0,0.0
1680,1838.0,559.0,0.0,0.0
1681,328.0,218.0,0.0,0.0
1682,300.0,196.0,0.0,0.0
1683,524.0,144.0,0.0,0.0
1684,704.0,169.0,0.0,0.0
1685,984.0,192.0,0.0,0.0
1686,310.0,120.0,0.0,0.0
1687,18.0,32.0,0.0,0.0
1688,164.0,109.0,0.0,0.0
1689,89.0,45.0,0.0,0.0
1690,96.0,28.0,0.0,0.0
1691,197.0,253.0,0.0,0.0
1692,879.0,488.0,0.0,0.0
1693,1137.0,825.0,0.0,0.0
1694,1092.0,1055.0,0.0,0.0
1695,1831.0,699.0,0.0,0.0
1696,1881.0,1259.0,0.0,0.0
1697,1530.0,746.0,0.0,0.0
1698,803.0,315.0,0.0,0.0
1699,397.0,263.0,0.0,0.0
1700,723.0,267.0,0.0,0.0
1701,1229.0,1014.0,0.0,0.0
1702,353.0,200.0,0.0,0.0
1703,918.0,174.0,0.0,0.0
1704,4907.0,3075.0,0.0,0.0
1705,1166.0,712.0,0.0,0.0
1706,652.0,533.0,0.0,0.0
1707,1450.0,689.0,0.0,0.0
1708,1055.0,599.0,0.0,0.0
1709,968.0,310.0,0.0,0.0
1710,1815.0,3293.0,0.0,0.0
1711,912.0,330.0,0.0,0.0
1712,895.0,649.0,0.0,0.0
1713,744.0,148.0,0.0,0.0
1714,757.0,550.0,0.0,0.0
1715,280.0,64.0,0.0,0.0
1716,965.0,1360.0,0.0,0.0
1717,35.0,159.0,0.0,0.0
1718,39.0,39.0,0.0,0.0
1719,183.0,143.0,0.0,0.0
1720,321.0,103.0,0.0,0.0
1721,477.0,178.0,0.0,0.0
1722,1801.0,833.0,0.0,0.0
1723,2247.0,1320.0,0.0,0.0
1724,1071.0,350.0,0.0,0.0
1725,2830.0,3490.0,0.0,0.0
1726,2584.0,2065.0,0.0,0.0
1727,891.0,2374.0,0.0,0.0
1728,719.0,347.0,0.0,0.0
1729,1335.0,988.0,0.0,0.0
1730,635.0,310.0,0.0,0.0
1731,71.0,37.0,0.0,0.0
1732,1800.0,505.0,0.0,0.0
1733,1194.0,316.0,0.0,0.0
1734,3708.0,1009.0,0.0,0.0
1735,5280.0,2741.0,0.0,0.0
1736,1375.0,1172.0,0.0,0.0
1737,914.0,1148.0,0.0,0.0
1738,1580.0,756.0,0.0,0.0
1739,464.0,509.0,0.0,0.0
1740,116.0,201.0,0.0,0.0
1741,585.0,388.0,0.0,0.0
1742,1127.0,1041.0,0.0,0.0
1743,1609.0,2581.0,0.0,0.0
1744,776.0,1536.0,0.0,0.0
1745,399.0,211.0,0.0,0.0
1746,505.0,230.0,0.0,0.0
1747,851.0,302.0,0.0,0.0
1748,378.0,984.0,0.0,0.0
1749,795.0,435.0,0.0,0.0
1750,195.0,159.0,0.0,0.0
1751,61.0,44.0,0.0,0.0
1752,5.0,3.0,0.0,0.0
1753,2351.0,759.0,0.0,0.0
1754,596.0,160.0,0.0,0.0
1755,202.0,288.0,0.0,0.0
1756,3.0,0.0,0.0,0.0
1757,41.0,10.0,0.0,0.0
1758,9.0,5.0,0.0,0.0
1759,1.0,0.0,0.0,0.0
1760,79.0,48.0,0.0,0.0
1761,103.0,68.0,0.0,0.0
1762,192.0,67.0,0.0,0.0
1763,693.0,575.0,0.0,0.0
1764,7.0,4.0,0.0,0.0
1765,98.0,16.0,0.0,0.0
1766,75.0,20.0,0.0,0.0
1767,2.0,8.0,0.0,0.0
1768,63.0,77.0,0.0,0.0
1769,69.0,32.0,0.0,0.0
1770,19.0,33.0,0.0,0.0
1771,32.0,20.0,0.0,0.0
1772,137.0,163.0,0.0,0.0
1773,49.0,17.0,0.0,0.0
1774,39.0,14.0,0.0,0.0
1775,36.0,44.0,0.0,0.0
1776,760.0,229.0,0.0,0.0
1777,147.0,40.0,0.0,0.0
1778,135.0,95.0,0.0,0.0
1779,377.0,106.0,0.0,0.0
1780,7.0,4.0,0.0,0.0
1781,182.0,91.0,0.0,0.0
1782,29.0,13.0,0.0,0.0
1783,10.0,10.0,0.0,0.0
1784,2.0,1.0,0.0,0.0
1785,24.0,9.0,0.0,0.0
1786,2.0,8.0,0.0,0.0
1787,13.0,7.0,0.0,0.0
1788,49.0,174.0,0.0,0.0
1789,20.0,11.0,0.0,0.0
1790,1061.0,584.0,0.0,0.0
1791,1.0,23.0,0.0,0.0
1792,3090.0,4185.0,0.0,0.0
1793,1.0,0.0,0.0,0.0
1794,83.0,48.0,0.0,0.0
1795,4.0,1.0,0.0,0.0
1796,2.0,2.0,0.0,0.0
1797,14.0,7.0,0.0,0.0
1798,7.0,3.0,0.0,0.0
1799,74.0,159.0,0.0,0.0
1800,14.0,32.0,0.0,0.0
1801,4.0,3.0,0.0,0.0
1802,433.0,256.0,0.0,0.0
1803,307.0,437.0,0.0,0.0
1804,8.0,8.0,0.0,0.0
1805,6266.0,2904.0,0.0,0.0
1806,1967.0,886.0,0.0,0.0
1807,2439.0,1269.0,0.0,0.0
1808,14.0,5.0,0.0,0.0
1809,558.0,186.0,0.0,0.0
1810,15.0,5.0,0.0,0.0
1811,12.0,6.0,0.0,0.0
1812,3.0,7.0,0.0,0.0
1813,1.0,0.0,0.0,0.0
1814,4.0,3.0,0.0,0.0
1815,44.0,31.0,0.0,0.0
1816,11.0,17.0,0.0,0.0
1817,959.0,426.0,0.0,0.0
1818,6346.0,6059.0,0.0,0.0
1819,3.0,2.0,0.0,0.0
1820,26.0,84.0,0.0,0.0
1821,1546.0,5464.0,0.0,0.0
1822,26.0,17.0,0.0,0.0
1823,18.0,7.0,0.0,0.0
1824,5.0,17.0,0.0,0.0
1825,5.0,19.0,0.0,0.0
1826,10.0,4.0,0.0,0.0
1827,1.0,1.0,0.0,0.0
1828,375.0,1890.0,0.0,0.0
1829,12.0,5.0,0.0,0.0
1830,56.0,68.0,0.0,0.0
1831,882.0,475.0,0.0,0.0
1832,10.0,5.0,0.0,0.0
1833,184.0,37.0,0.0,0.0
1834,1.0,5.0,0.0,0.0
1835,1.0,1.0,0.0,0.0
1836,206.0,289.0,0.0,0.0
1837,11.0,11.0,0.0,0.0
1838,636.0,882.0,0.0,0.0
1839,13.0,10.0,0.0,0.0
1840,167.0,222.0,0.0,0.0
1841,2.0,3.0,0.0,0.0
1842,1.0,0.0,0.0,0.0
1843,9.0,8.0,0.0,0.0
1844,34.0,41.0,0.0,0.0
1845,52.0,35.0,0.0,0.0
1846,17.0,66.0,0.0,0.0
1847,43.0,36.0,0.0,0.0
1848,46.0,40.0,0.0,0.0
1849,9825.0,4072.0,0.0,0.0
1850,163.0,279.0,0.0,0.0
1851,718.0,271.0,0.0,0.0
1852,498.0,133.0,0.0,0.0
1853,67.0,47.0,0.0,0.0
1854,13.0,8.0,0.0,0.0
1855,191.0,104.0,0.0,0.0
1856,28.0,112.0,0.0,0.0
1857,1106.0,473.0,0.0,0.0
1858,1.0,0.0,0.0,0.0
1859,10.0,14.0,0.0,0.0
1860,6.0,6.0,0.0,0.0
1861,35.0,17.0,0.0,0.0
1862,105.0,124.0,0.0,0.0
1863,23.0,20.0,0.0,0.0
1864,241.0,190.0,0.0,0.0
1865,436.0,397.0,0.0,0.0
1866,389.0,144.0,0.0,0.0
1867,615.0,108.0,0.0,0.0
1868,1.0,2.0,0.0,0.0
1869,18.0,31.0,0.0,0.0
1870,2.0,0.0,0.0,0.0
1871,1.0,0.0,0.0,0.0
1872,9.0,2.0,0.0,0.0
1873,7.0,21.0,0.0,0.0
1874,5.0,5.0,0.0,0.0
1875,22.0,4.0,0.0,0.0
1876,7.0,11.0,0.0,0.0
1877,12.0,18.0,0.0,0.0
1878,4.0,69.0,0.0,0.0
1879,42.0,263.0,0.0,0.0
1880,722.0,217.0,0.0,0.0
1881,15.0,17.0,0.0,0.0
1882,33.0,65.0,0.0,0.0
1883,5.0,15.0,0.0,0.0
1884,194.0,33.0,0.0,0.0
1885,7.0,6.0,0.0,0.0
1886,103.0,102.0,0.0,0.0
1887,39.0,84.0,0.0,0.0
1888,568.0,267.0,0.0,0.0
1889,160.0,224.0,0.0,0.0
1890,1.0,3.0,0.0,0.0
1891,6.0,19.0,0.0,0.0
1892,56.0,72.0,0.0,0.0
1893,5.0,3.0,0.0,0.0
1894,40.0,52.0,0.0,0.0
1895,6.0,8.0,0.0,0.0
1896,3.0,21.0,0.0,0.0
1897,36.0,19.0,0.0,0.0
1898,22.0,29.0,0.0,0.0
1899,3.0,12.0,0.0,0.0
1900,22.0,126.0,0.0,0.0
1901,9.0,6.0,0.0,0.0
1902,1.0,0.0,0.0,0.0
1903,160.0,123.0,0.0,0.0
1904,143.0,290.0,0.0,0.0
1905,31.0,38.0,0.0,0.0
1906,2.0,0.0,0.0,0.0
1907,10.0,70.0,0.0,0.0
1908,142.0,75.0,0.0,0.0
1909,1070.0,649.0,0.0,0.0
1910,6.0,7.0,0.0,0.0
1911,57.0,34.0,0.0,0.0
1912,15.0,6.0,0.0,0.0
1913,33.0,24.0,0.0,0.0
1914,9.0,23.0,0.0,0.0
1915,28.0,169.0,0.0,0.0
1916,151.0,250.0,0.0,0.0
1917,12.0,33.0,0.0,0.0
1918,107.0,850.0,0.0,0.0
1919,44.0,17.0,0.0,0.0
1920,28.0,7.0,0.0,0.0
1921,34.0,19.0,0.0,0.0
1922,39.0,35.0,0.0,0.0
1923,4.0,10.0,0.0,0.0
1924,48.0,31.0,0.0,0.0
1925,17.0,30.0,0.0,0.0
1926,47.0,46.0,0.0,0.0
1927,2.0,3.0,0.0,0.0
1928,5.0,3.0,0.0,0.0
1929,8.0,19.0,0.0,0.0
1930,4.0,19.0,0.0,0.0
1931,1840.0,642.0,0.0,0.0
1932,11255.0,5716.0,0.0,0.0
1933,86.0,107.0,0.0,0.0
1934,19.0,9.0,0.0,0.0
1935,9.0,44.0,0.0,0.0
1936,1.0,15.0,0.0,0.0
1937,47.0,95.0,0.0,0.0
1938,1.0,1.0,0.0,0.0
1939,1.0,4.0,0.0,0.0
1940,1.0,12.0,0.0,0.0
1941,7.0,15.0,0.0,0.0
1942,361.0,196.0,0.0,0.0
1943,1.0,0.0,0.0,0.0
1944,12.0,39.0,0.0,0.0
1945,2.0,1.0,0.0,0.0
1946,110.0,58.0,0.0,0.0
1947,10785.0,4707.0,0.0,0.0
1948,671.0,731.0,0.0,0.0
1949,63.0,47.0,0.0,0.0
1950,360.0,520.0,0.0,0.0
1951,2207.0,1801.0,0.0,0.0
1952,176.0,142.0,0.0,0.0
1953,661.0,568.0,0.0,0.0
1954,4.0,11.0,0.0,0.0
1955,2948.0,1550.0,0.0,0.0
1956,37.0,8.0,0.0,0.0
1957,37.0,22.0,0.0,0.0
1958,59.0,65.0,0.0,0.0
1959,23.0,15.0,0.0,0.0
1960,52.0,18.0,0.0,0.0
1961,84.0,32.0,0.0,0.0
1962,17.0,25.0,0.0,0.0
1963,674.0,726.0,0.0,0.0
1964,52.0,45.0,0.0,0.0
1965,44.0,51.0,0.0,0.0
1966,22.0,21.0,0.0,0.0
1967,27.0,25.0,0.0,0.0
1968,35.0,24.0,0.0,0.0
1969,33.0,48.0,0.0,0.0
1970,19.0,20.0,0.0,0.0
1971,411.0,362.0,0.0,0.0
1972,2472.0,781.0,0.0,0.0
1973,19.0,14.0,0.0,0.0
1974,44.0,24.0,0.0,0.0
1975,3.0,3.0,0.0,0.0
1976,12.0,9.0,0.0,0.0
1977,13.0,11.0,0.0,0.0
1978,5.0,8.0,0.0,0.0
1979,2.0,0.0,0.0,0.0
1980,26.0,17.0,0.0,0.0
1981,70.0,60.0,0.0,0.0
1982,61.0,41.0,0.0,0.0
1983,1.0,2.0,0.0,0.0
1984,121.0,73.0,0.0,0.0
1985,158.0,138.0,0.0,0.0
1986,3503.0,1134.0,0.0,0.0
1987,1.0,1.0,0.0,0.0
1988,11688.0,5367.0,0.0,0.0
1989,1.0,0.0,0.0,0.0
1990,114.0,811.0,0.0,0.0
1991,23.0,32.0,0.0,0.0
1992,1.0,0.0,0.0,0.0
1993,43.0,41.0,0.0,0.0
1994,6.0,18.0,0.0,0.0
1995,5.0,5.0,0.0,0.0
1996,1.0,0.0,0.0,0.0
1997,35.0,32.0,0.0,0.0
1998,47.0,32.0,0.0,0.0
1999,1.0,17.0,0.0,0.0
2000,1.0,4.0,0.0,0.0
2001,1.0,0.0,0.0,0.0
2002,805.0,703.0,0.0,0.0
2003,294.0,81.0,0.0,0.0
2004,283.0,117.0,0.0,0.0
2005,655.0,178.0,0.0,0.0
2006,299.0,147.0,0.0,0.0
2007,1.0,0.0,0.0,0.0
2008,26.0,10.0,0.0,0.0
2009,280.0,342.0,0.0,0.0
2010,73.0,152.0,0.0,0.0
2011,33.0,95.0,0.0,0.0
2012,1.0,0.0,0.0,0.0
2013,14.0,11.0,0.0,0.0
2014,52.0,44.0,0.0,0.0
2015,3.0,0.0,0.0,0.0
2016,23.0,16.0,0.0,0.0
2017,24.0,60.0,0.0,0.0
2018,1.0,4.0,0.0,0.0
2019,160.0,84.0,0.0,0.0
2020,2119.0,1728.0,0.0,0.0
2021,24202.0,6295.0,0.0,0.0
2022,313.0,206.0,0.0,0.0
2023,5.0,45.0,0.0,0.0
2024,6.0,5.0,0.0,0.0
2025,2.0,1.0,0.0,0.0
2026,4.0,4.0,0.0,0.0
2027,16.0,22.0,0.0,0.0
2028,9.0,8.0,0.0,0.0
2029,245.0,233.0,0.0,0.0
2030,3390.0,3048.0,0.0,0.0
2031,5450.0,5066.0,0.0,0.0
2032,643.0,147.0,0.0,0.0
2033,598.0,244.0,0.0,0.0
2034,2.0,4.0,0.0,0.0
2035,17.0,13.0,0.0,0.0
2036,13.0,11.0,0.0,0.0
2037,28.0,24.0,0.0,0.0
2038,43.0,9.0,0.0,0.0
2039,7.0,1.0,0.0,0.0
2040,23.0,31.0,0.0,0.0
2041,2343.0,1591.0,0.0,0.0
2042,276.0,78.0,0.0,0.0
2043,1037.0,707.0,0.0,0.0
2044,15.0,37.0,0.0,0.0
2045,18.0,25.0,0.0,0.0
2046,1.0,0.0,0.0,0.0
2047,4.0,1.0,0.0,0.0
2048,614.0,148.0,0.0,0.0
2049,18308.0,4228.0,0.0,0.0
2050,10757.0,3771.0,0.0,0.0
2051,516.0,196.0,0.0,0.0
2052,24.0,18.0,0.0,0.0
2053,3.0,2.0,0.0,0.0
2054,141.0,98.0,0.0,0.0
2055,795.0,203.0,0.0,0.0
2056,164.0,80.0,0.0,0.0
2057,110.0,600.0,0.0,0.0
2058,1493.0,2365.0,0.0,0.0
2059,5686.0,2499.0,0.0,0.0
2060,695.0,323.0,0.0,0.0
2061,45.0,26.0,0.0,0.0
2062,4.0,56.0,0.0,0.0
2063,49.0,31.0,0.0,0.0
2064,15.0,12.0,0.0,0.0
2065,68.0,87.0,0.0,0.0
2066,3.0,2.0,0.0,0.0
2067,308.0,150.0,0.0,0.0
2068,20.0,20.0,0.0,0.0
2069,31.0,26.0,0.0,0.0
2070,7.0,93.0,0.0,0.0
2071,626.0,187.0,0.0,0.0
2072,1020.0,720.0,0.0,0.0
2073,6.0,7.0,0.0,0.0
2074,1.0,0.0,0.0,0.0
2075,4.0,6.0,0.0,0.0
2076,271.0,75.0,0.0,0.0
2077,24.0,78.0,0.0,0.0
2078,94.0,118.0,0.0,0.0
2079,19.0,20.0,0.0,0.0
2080,24.0,11.0,0.0,0.0
2081,244.0,160.0,0.0,0.0
2082,236.0,66.0,0.0,0.0
2083,221.0,93.0,0.0,0.0
2084,226.0,160.0,0.0,0.0
2085,79.0,308.0,0.0,0.0
2086,35.0,25.0,0.0,0.0
2087,8.0,6.0,0.0,0.0
2088,2.0,0.0,0.0,0.0
2089,1270.0,830.0,0.0,0.0
2090,274.0,117.0,0.0,0.0
2091,1626.0,752.0,0.0,0.0
2092,1273.0,609.0,0.0,0.0
2093,1.0,5.0,0.0,0.0
2094,29.0,17.0,0.0,0.0
2095,402.0,266.0,0.0,0.0
2096,435.0,356.0,0.0,0.0
2097,41.0,18.0,0.0,0.0
2098,54.0,28.0,0.0,0.0
2099,30.0,106.0,0.0,0.0
2100,102.0,87.0,0.0,0.0
2101,2.0,4.0,0.0,0.0
2102,261.0,210.0,0.0,0.0
2103,130.0,37.0,0.0,0.0
2104,1.0,1.0,0.0,0.0
2105,9.0,9.0,0.0,0.0
2106,41.0,62.0,0.0,0.0
2107,1258.0,2663.0,0.0,0.0
2108,970.0,285.0,0.0,0.0
2109,1.0,4.0,0.0,0.0
2110,51.0,51.0,0.0,0.0
2111,54.0,14.0,0.0,0.0
2112,37.0,12.0,0.0,0.0
2113,16.0,49.0,0.0,0.0
2114,208.0,266.0,0.0,0.0
2115,162.0,145.0,0.0,0.0
2116,19.0,17.0,0.0,0.0
2117,18.0,5.0,0.0,0.0
2118,67.0,54.0,0.0,0.0
2119,248.0,189.0,0.0,0.0
2120,165.0,85.0,0.0,0.0
2121,120.0,38.0,0.0,0.0
2122,25.0,38.0,0.0,0.0
2123,2.0,10.0,0.0,0.0
2124,29.0,118.0,0.0,0.0
2125,224.0,87.0,0.0,0.0
2126,40.0,9.0,0.0,0.0
2127,206.0,142.0,0.0,0.0
2128,136.0,106.0,0.0,0.0
2129,715.0,309.0,0.0,0.0
2130,492.0,649.0,0.0,0.0
2131,10.0,383.0,0.0,0.0
2132,149.0,1106.0,0.0,0.0
2133,5.0,3.0,0.0,0.0
2134,8.0,12.0,0.0,0.0
2135,11.0,10.0,0.0,0.0
2136,1.0,15.0,0.0,0.0
2137,59.0,8.0,0.0,0.0
2138,3.0,19.0,0.0,0.0
2139,10.0,12.0,0.0,0.0
2140,79.0,74.0,0.0,0.0
2141,69.0,19.0,0.0,0.0
2142,225.0,76.0,0.0,0.0
2143,4.0,4.0,0.0,0.0
2144,4.0,19.0,0.0,0.0
2145,294.0,330.0,0.0,0.0
2146,579.0,944.0,0.0,0.0
2147,13.0,7.0,0.0,0.0
2148,5.0,3.0,0.0,0.0
2149,2.0,1.0,0.0,0.0
2150,1.0,2.0,0.0,0.0
2151,43.0,68.0,0.0,0.0
2152,63.0,35.0,0.0,0.0
2153,37.0,34.0,0.0,0.0
2154,26.0,32.0,0.0,0.0
2155,1.0,0.0,0.0,0.0
2156,6.0,11.0,0.0,0.0
2157,12.0,8.0,0.0,0.0
2158,3.0,6.0,0.0,0.0
2159,2.0,1.0,0.0,0.0
2160,147.0,45.0,0.0,0.0
2161,22.0,14.0,0.0,0.0
2162,15.0,16.0,0.0,0.0
2163,55.0,41.0,0.0,0.0
2164,1222.0,771.0,0.0,0.0
2165,468.0,170.0,0.0,0.0
2166,7.0,27.0,0.0,0.0
2167,4.0,2.0,0.0,0.0
2168,21.0,6.0,0.0,0.0
2169,115.0,61.0,0.0,0.0
2170,214.0,75.0,0.0,0.0
2171,46.0,191.0,0.0,0.0
2172,26.0,23.0,0.0,0.0
2173,2.0,1.0,0.0,0.0
2174,4.0,54.0,0.0,0.0
2175,1.0,4.0,0.0,0.0
2176,118.0,84.0,0.0,0.0
2177,2.0,2.0,0.0,0.0
2178,3.0,5.0,0.0,0.0
2179,467.0,205.0,0.0,0.0
2180,46.0,12.0,0.0,0.0
2181,153.0,79.0,0.0,0.0
2182,55.0,23.0,0.0,0.0
2183,63.0,17.0,0.0,0.0
2184,265.0,61.0,0.0,0.0
2185,10.0,10.0,0.0,0.0
2186,90.0,17.0,0.0,0.0
2187,36.0,14.0,0.0,0.0
2188,74.0,27.0,0.0,0.0
2189,19.0,49.0,0.0,0.0
2190,148.0,49.0,0.0,0.0
2191,215.0,157.0,0.0,0.0
2192,34.0,10.0,0.0,0.0
2193,32.0,17.0,0.0,0.0
2194,37.0,52.0,0.0,0.0
2195,3.0,27.0,0.0,0.0
2196,105.0,60.0,0.0,0.0
2197,232.0,218.0,0.0,0.0
2198,35.0,89.0,0.0,0.0
2199,1.0,4.0,0.0,0.0
2200,194.0,77.0,0.0,0.0
2201,4.0,8.0,0.0,0.0
2202,223.0,72.0,0.0,0.0
2203,1.0,0.0,0.0,0.0
2204,216.0,138.0,0.0,0.0
2205,3271.0,1832.0,0.0,0.0
2206,227.0,84.0,0.0,0.0
2207,2.0,18.0,0.0,0.0
2208,1.0,0.0,0.0,0.0
2209,28.0,7.0,0.0,0.0
2210,40.0,21.0,0.0,0.0
2211,35.0,14.0,0.0,0.0
2212,113.0,198.0,0.0,0.0
2213,88.0,70.0,0.0,0.0
2214,125.0,975.0,0.0,0.0
2215,7.0,192.0,0.0,0.0
2216,11.0,7.0,0.0,0.0
2217,57.0,26.0,0.0,0.0
2218,42.0,54.0,0.0,0.0
2219,795.0,331.0,0.0,0.0
2220,196.0,159.0,0.0,0.0
2221,10.0,1.0,0.0,0.0
2222,201.0,148.0,0.0,0.0
2223,3.0,3.0,0.0,0.0
2224,6.0,16.0,0.0,0.0
2225,10.0,15.0,0.0,0.0
2226,342.0,125.0,0.0,0.0
2227,3.0,3.0,0.0,0.0
2228,8.0,5.0,0.0,0.0
2229,8.0,27.0,0.0,0.0
2230,79.0,68.0,0.0,0.0
2231,5.0,7.0,0.0,0.0
2232,1.0,1.0,0.0,0.0
2233,225.0,139.0,0.0,0.0
2234,91.0,36.0,0.0,0.0
2235,147.0,77.0,0.0,0.0
2236,47.0,24.0,0.0,0.0
2237,7.0,4.0,0.0,0.0
2238,18.0,11.0,0.0,0.0
2239,1.0,9.0,0.0,0.0
2240,225.0,165.0,0.0,0.0
2241,178.0,83.0,0.0,0.0
2242,99.0,124.0,0.0,0.0
2243,3.0,6.0,0.0,0.0
2244,51.0,32.0,0.0,0.0
2245,20.0,18.0,0.0,0.0
2246,6.0,4.0,0.0,0.0
2247,8.0,54.0,0.0,0.0
2248,212.0,270.0,0.0,0.0
2249,198.0,114.0,0.0,0.0
2250,53.0,66.0,0.0,0.0
2251,45.0,337.0,0.0,0.0
2252,490.0,265.0,0.0,0.0
2253,952.0,994.0,0.0,0.0
2254,337.0,392.0,0.0,0.0
2255,3.0,18.0,0.0,0.0
2256,41.0,14.0,0.0,0.0
2257,23.0,21.0,0.0,0.0
2258,5.0,5.0,0.0,0.0
2259,1.0,9.0,0.0,0.0
2260,30.0,17.0,0.0,0.0
2261,52.0,30.0,0.0,0.0
2262,1.0,3.0,0.0,0.0
2263,148.0,115.0,0.0,0.0
2264,58.0,68.0,0.0,0.0
2265,1.0,47.0,0.0,0.0
2266,3.0,106.0,0.0,0.0
2267,69.0,20.0,0.0,0.0
2268,118.0,183.0,0.0,0.0
2269,78.0,83.0,0.0,0.0
2270,77.0,32.0,0.0,0.0
2271,56.0,93.0,0.0,0.0
2272,536.0,509.0,0.0,0.0
2273,354.0,211.0,0.0,0.0
2274,536.0,195.0,0.0,0.0
2275,318.0,73.0,0.0,0.0
2276,238.0,98.0,0.0,0.0
2277,42.0,13.0,0.0,0.0
2278,92.0,38.0,0.0,0.0
2279,20.0,19.0,0.0,0.0
2280,11.0,2.0,0.0,0.0
2281,8.0,2.0,0.0,0.0
2282,4.0,7.0,0.0,0.0
2283,51.0,23.0,0.0,0.0
2284,221.0,176.0,0.0,0.0
2285,281.0,95.0,0.0,0.0
2286,5.0,4.0,0.0,0.0
2287,28.0,11.0,0.0,0.0
2288,60.0,41.0,0.0,0.0
2289,40.0,21.0,0.0,0.0
2290,81.0,63.0,0.0,0.0
2291,36.0,10.0,0.0,0.0
2292,2.0,17.0,0.0,0.0
2293,25.0,33.0,0.0,0.0
2294,43.0,74.0,0.0,0.0
2295,29.0,39.0,0.0,0.0
2296,48.0,81.0,0.0,0.0
2297,253.0,100.0,0.0,0.0
2298,106.0,73.0,0.0,0.0
2299,466.0,167.0,0.0,0.0
2300,277.0,319.0,0.0,0.0
2301,159.0,97.0,0.0,0.0
2302,257.0,117.0,0.0,0.0
2303,252.0,172.0,0.0,0.0
2304,4.0,24.0,0.0,0.0
2305,1.0,0.0,0.0,0.0
2306,2.0,0.0,0.0,0.0
2307,3.0,12.0,0.0,0.0
2308,10.0,8.0,0.0,0.0
2309,17.0,9.0,0.0,0.0
2310,5.0,1.0,0.0,0.0
2311,46.0,57.0,0.0,0.0
2312,45.0,70.0,0.0,0.0
2313,60.0,51.0,0.0,0.0
2314,2443.0,1030.0,0.0,0.0
2315,660.0,235.0,0.0,0.0
2316,527.0,208.0,0.0,0.0
2317,235.0,530.0,0.0,0.0
2318,52.0,28.0,0.0,0.0
2319,48.0,46.0,0.0,0.0
2320,23.0,17.0,0.0,0.0
2321,4.0,2.0,0.0,0.0
2322,28.0,15.0,0.0,0.0
2323,45.0,24.0,0.0,0.0
2324,23.0,10.0,0.0,0.0
2325,4.0,21.0,0.0,0.0
2326,23.0,14.0,0.0,0.0
2327,26.0,18.0,0.0,0.0
2328,38.0,23.0,0.0,0.0
2329,39.0,49.0,0.0,0.0
2330,2.0,0.0,0.0,0.0
2331,18.0,69.0,0.0,0.0
2332,89.0,36.0,0.0,0.0
2333,201.0,78.0,0.0,0.0
2334,15.0,15.0,0.0,0.0
2335,9.0,26.0,0.0,0.0
2336,130.0,124.0,0.0,0.0
2337,34.0,9.0,0.0,0.0
2338,2.0,0.0,0.0,0.0
2339,1.0,5.0,0.0,0.0
2340,55.0,33.0,0.0,0.0
2341,129.0,85.0,0.0,0.0
2342,60.0,35.0,0.0,0.0
2343,1.0,3.0,0.0,0.0
2344,317.0,171.0,0.0,0.0
2345,332.0,236.0,0.0,0.0
2346,258.0,2112.0,0.0,0.0
2347,999.0,2094.0,0.0,0.0
2348,378.0,587.0,0.0,0.0
2349,2.0,0.0,0.0,0.0
2350,62.0,49.0,0.0,0.0
2351,24.0,60.0,0.0,0.0
2352,1323.0,824.0,0.0,0.0
2353,126.0,39.0,0.0,0.0
2354,14.0,5.0,0.0,0.0
2355,44.0,46.0,0.0,0.0
2356,8.0,14.0,0.0,0.0
2357,34.0,35.0,0.0,0.0
2358,6.0,3.0,0.0,0.0
2359,5.0,3.0,0.0,0.0
2360,80.0,39.0,0.0,0.0
2361,40.0,55.0,0.0,0.0
2362,1.0,27.0,0.0,0.0
2363,1.0,39.0,0.0,0.0
2364,8.0,9.0,0.0,0.0
2365,30.0,12.0,0.0,0.0
2366,3.0,20.0,0.0,0.0
2367,7.0,35.0,0.0,0.0
2368,10.0,71.0,0.0,0.0
2369,81.0,59.0,0.0,0.0
2370,221.0,163.0,0.0,0.0
2371,14.0,11.0,0.0,0.0
2372,33.0,28.0,0.0,0.0
2373,3.0,28.0,0.0,0.0
2374,8.0,13.0,0.0,0.0
2375,27.0,21.0,0.0,0.0
2376,7.0,29.0,0.0,0.0
2377,22.0,15.0,0.0,0.0
2378,149.0,379.0,0.0,0.0
2379,20.0,59.0,0.0,0.0
2380,137.0,48.0,0.0,0.0
2381,45.0,14.0,0.0,0.0
2382,2.0,25.0,0.0,0.0
2383,3.0,10.0,0.0,0.0
2384,37.0,26.0,0.0,0.0
2385,28.0,16.0,0.0,0.0
2386,16.0,23.0,0.0,0.0
2387,5.0,12.0,0.0,0.0
2388,34.0,7.0,0.0,0.0
2389,188.0,52.0,0.0,0.0
2390,3.0,83.0,0.0,0.0
2391,7.0,55.0,0.0,0.0
2392,10.0,285.0,0.0,0.0
2393,80.0,37.0,0.0,0.0
2394,1.0,50.0,0.0,0.0
2395,38.0,110.0,0.0,0.0
2396,9.0,8.0,0.0,0.0
2397,2.0,20.0,0.0,0.0
2398,52.0,38.0,0.0,0.0
2399,29.0,5.0,0.0,0.0
2400,25.0,16.0,0.0,0.0
2401,18.0,13.0,0.0,0.0
2402,15.0,12.0,0.0,0.0
2403,18.0,6.0,0.0,0.0
2404,53.0,29.0,0.0,0.0
2405,176.0,86.0,0.0,0.0
2406,104.0,51.0,0.0,0.0
2407,27.0,17.0,0.0,0.0
2408,6.0,8.0,0.0,0.0
2409,17.0,9.0,0.0,0.0
2410,1.0,1.0,0.0,0.0
2411,46.0,14.0,0.0,0.0
2412,78.0,163.0,0.0,0.0
2413,74.0,45.0,0.0,0.0
2414,35.0,40.0,0.0,0.0
2415,35.0,22.0,0.0,0.0
2416,3.0,3.0,0.0,0.0
2417,1.0,0.0,0.0,0.0
2418,38.0,36.0,0.0,0.0
2419,197.0,70.0,0.0,0.0
2420,34.0,30.0,0.0,0.0
2421,9.0,14.0,0.0,0.0
2422,48.0,21.0,0.0,0.0
2423,3.0,3.0,0.0,0.0
2424,39.0,10.0,0.0,0.0
2425,192.0,65.0,0.0,0.0
2426,18.0,11.0,0.0,0.0
2427,4.0,8.0,0.0,0.0
2428,1.0,0.0,0.0,0.0
2429,24.0,7.0,0.0,0.0
2430,5.0,18.0,0.0,0.0
2431,63.0,53.0,0.0,0.0
2432,1.0,0.0,0.0,0.0
2433,14.0,10.0,0.0,0.0
2434,110.0,50.0,0.0,0.0
2435,12.0,51.0,0.0,0.0
2436,35.0,14.0,0.0,0.0
2437,120.0,77.0,0.0,0.0
2438,44.0,27.0,0.0,0.0
2439,126.0,89.0,0.0,0.0
2440,12.0,24.0,0.0,0.0
2441,12.0,3.0,0.0,0.0
2442,14.0,16.0,0.0,0.0
2443,4.0,3.0,0.0,0.0
2444,4.0,1.0,0.0,0.0
2445,2.0,0.0,0.0,0.0
2446,2.0,5.0,0.0,0.0
2447,58.0,43.0,0.0,0.0
2448,7.0,3.0,0.0,0.0
2449,13.0,12.0,0.0,0.0
2450,14.0,6.0,0.0,0.0
2451,40.0,21.0,0.0,0.0
2452,31.0,17.0,0.0,0.0
2453,64.0,45.0,0.0,0.0
2454,20.0,16.0,0.0,0.0
2455,30.0,22.0,0.0,0.0
2456,15.0,11.0,0.0,0.0
2457,1.0,0.0,0.0,0.0
2458,10.0,15.0,0.0,0.0
2459,33.0,36.0,0.0,0.0
2460,3.0,14.0,0.0,0.0
2461,3.0,2.0,0.0,0.0
2462,4.0,2.0,0.0,0.0
2463,8.0,2.0,0.0,0.0
2464,76.0,38.0,0.0,0.0
2465,10.0,12.0,0.0,0.0
2466,5.0,7.0,0.0,0.0
2467,5.0,9.0,0.0,0.0
2468,14.0,7.0,0.0,0.0
2469,24.0,23.0,0.0,0.0
2470,18.0,18.0,0.0,0.0
2471,45.0,45.0,0.0,0.0
2472,22.0,17.0,0.0,0.0
2473,39.0,9.0,0.0,0.0
2474,12.0,41.0,0.0,0.0
2475,68.0,38.0,0.0,0.0
2476,1.0,5.0,0.0,0.0
2477,14.0,10.0,0.0,0.0
2478,1.0,5.0,0.0,0.0
2479,8.0,9.0,0.0,0.0
2480,10.0,1.0,0.0,0.0
2481,37.0,14.0,0.0,0.0
2482,11.0,7.0,0.0,0.0
2483,30.0,37.0,0.0,0.0
2484,15.0,5.0,0.0,0.0
2485,15.0,5.0,0.0,0.0
2486,7.0,3.0,0.0,0.0
2487,14.0,16.0,0.0,0.0
2488,6.0,6.0,0.0,0.0
2489,60.0,29.0,0.0,0.0
2490,92.0,80.0,0.0,0.0
2491,45.0,35.0,0.0,0.0
2492,27.0,35.0,0.0,0.0
2493,13.0,2.0,0.0,0.0
2494,24.0,25.0,0.0,0.0
2495,1.0,2.0,0.0,0.0
2496,4.0,4.0,0.0,0.0
2497,12.0,10.0,0.0,0.0
2498,18.0,21.0,0.0,0.0
2499,9.0,11.0,0.0,0.0
2500,10.0,1.0,0.0,0.0
2501,4.0,3.0,0.0,0.0
2502,23.0,23.0,0.0,0.0
2503,15.0,9.0,0.0,0.0
2504,76.0,39.0,0.0,0.0
2505,33.0,35.0,0.0,0.0
2506,27.0,11.0,0.0,0.0
2507,11.0,3.0,0.0,0.0
2508,20.0,5.0,0.0,0.0
2509,8.0,9.0,0.0,0.0
2510,37.0,10.0,0.0,0.0
2511,4.0,2.0,0.0,0.0
2512,35.0,41.0,0.0,0.0
2513,239.0,77.0,0.0,0.0
2514,2.0,4.0,0.0,0.0
2515,1.0,1.0,0.0,0.0
2516,9.0,2.0,0.0,0.0
2517,5.0,4.0,0.0,0.0
2518,8.0,6.0,0.0,0.0
2519,21.0,19.0,0.0,0.0
2520,15.0,19.0,0.0,0.0
2521,52.0,28.0,0.0,0.0
2522,30.0,26.0,0.0,0.0
2523,1.0,6.0,0.0,0.0
2524,12.0,5.0,0.0,0.0
2525,24.0,21.0,0.0,0.0
2526,29.0,9.0,0.0,0.0
2527,11.0,13.0,0.0,0.0
2528,1.0,2.0,0.0,0.0
2529,26.0,33.0,0.0,0.0
2530,8.0,14.0,0.0,0.0
2531,2.0,0.0,0.0,0.0
2532,34.0,15.0,0.0,0.0
2533,5.0,6.0,0.0,0.0
2534,22.0,6.0,0.0,0.0
2535,1.0,0.0,0.0,0.0
2536,14.0,15.0,0.0,0.0
2537,3.0,4.0,0.0,0.0
2538,17.0,7.0,0.0,0.0
2539,5.0,4.0,0.0,0.0
2540,3.0,8.0,0.0,0.0
2541,29.0,35.0,0.0,0.0
2542,21.0,30.0,0.0,0.0
2543,17.0,8.0,0.0,0.0
2544,21.0,16.0,0.0,0.0
2545,45.0,33.0,0.0,0.0
2546,6.0,8.0,0.0,0.0
2547,14.0,4.0,0.0,0.0
2548,41.0,12.0,0.0,0.0
2549,34.0,12.0,0.0,0.0
2550,4.0,1.0,0.0,0.0
2551,13.0,10.0,0.0,0.0
2552,1.0,0.0,0.0,0.0
2553,9.0,10.0,0.0,0.0
2554,4.0,3.0,0.0,0.0
2555,5.0,2.0,0.0,0.0
2556,37.0,22.0,0.0,0.0
2557,5.0,1.0,0.0,0.0
2558,30.0,22.0,0.0,0.0
2559,16.0,6.0,0.0,0.0
2560,12.0,9.0,0.0,0.0
2561,22.0,15.0,0.0,0.0
2562,16.0,9.0,0.0,0.0
2563,7.0,2.0,0.0,0.0
2564,44.0,58.0,0.0,0.0
2565,2.0,3.0,0.0,0.0
2566,27.0,16.0,0.0,0.0
2567,2.0,1.0,0.0,0.0
2568,1.0,0.0,0.0,0.0
2569,8.0,0.0,0.0,0.0
2570,14.0,8.0,0.0,0.0
2571,14.0,11.0,0.0,0.0
2572,19.0,10.0,0.0,0.0
2573,21.0,11.0,0.0,0.0
2574,3.0,1.0,0.0,0.0
2575,6.0,5.0,0.0,0.0
2576,2.0,2.0,0.0,0.0
2577,15.0,7.0,0.0,0.0
2578,5.0,0.0,0.0,0.0
2579,10.0,7.0,0.0,0.0
2580,8.0,7.0,0.0,0.0
2581,10.0,7.0,0.0,0.0
2582,11.0,9.0,0.0,0.0
2583,18.0,12.0,0.0,0.0
2584,13.0,7.0,0.0,0.0
2585,39.0,23.0,0.0,0.0
2586,2.0,2.0,0.0,0.0
2587,6.0,8.0,0.0,0.0
2588,671.0,261.0,0.0,0.0
2589,354.0,91.0,0.0,0.0
2590,5.0,2.0,0.0,0.0
2591,274.0,58.0,0.0,0.0
2592,513.0,244.0,0.0,0.0
2593,500.0,280.0,0.0,0.0
2594,10.0,11.0,0.0,0.0
2595,541.0,154.0,0.0,0.0
2596,421.0,111.0,0.0,0.0
2597,541.0,160.0,0.0,0.0
2598,945.0,768.0,0.0,0.0
2599,550.0,107.0,0.0,0.0
2600,22.0,13.0,0.0,0.0
2601,17.0,13.0,0.0,0.0
2602,41.0,20.0,0.0,0.0
2603,9.0,9.0,0.0,0.0
2604,5.0,6.0,0.0,0.0
2605,1.0,6.0,0.0,0.0
2606,17.0,3.0,0.0,0.0
2607,21.0,8.0,0.0,0.0
2608,11.0,9.0,0.0,0.0
2609,163.0,54.0,0.0,0.0
2610,204.0,81.0,0.0,0.0
2611,246.0,51.0,0.0,0.0
2612,2.0,4.0,0.0,0.0
2613,3.0,8.0,0.0,0.0
2614,13.0,34.0,0.0,0.0
2615,83.0,54.0,0.0,0.0
2616,6.0,9.0,0.0,0.0
2617,76.0,53.0,0.0,0.0
2618,751.0,265.0,0.0,0.0
2619,805.0,566.0,0.0,0.0
2620,334.0,148.0,0.0,0.0
2621,2368.0,2465.0,0.0,0.0
2622,910.0,1235.0,0.0,0.0
2623,31.0,88.0,0.0,0.0
2624,586.0,133.0,0.0,0.0
2625,290.0,145.0,0.0,0.0
2626,76.0,15.0,0.0,0.0
2627,36.0,20.0,0.0,0.0
2628,38.0,4.0,0.0,0.0
2629,79.0,37.0,0.0,0.0
2630,28.0,16.0,0.0,0.0
2631,7.0,5.0,0.0,0.0
2632,259.0,96.0,0.0,0.0
2633,922.0,343.0,0.0,0.0
2634,449.0,140.0,0.0,0.0
2635,423.0,435.0,0.0,0.0
2636,1254.0,512.0,0.0,0.0
2637,1054.0,309.0,0.0,0.0
2638,500.0,97.0,0.0,0.0
2639,159.0,87.0,0.0,0.0
2640,145.0,123.0,0.0,0.0
2641,574.0,893.0,0.0,0.0
2642,0.0,3.0,0.0,0.0
2643,0.0,25.0,0.0,0.0
2644,0.0,1.0,0.0,0.0
2645,0.0,3.0,0.0,0.0
2646,0.0,2.0,0.0,0.0
2647,0.0,3.0,0.0,0.0
2648,0.0,1.0,0.0,0.0
2649,0.0,1.0,0.0,0.0
2650,0.0,2.0,0.0,0.0
2651,0.0,3.0,0.0,0.0
2652,0.0,5.0,0.0,0.0
2653,0.0,4.0,0.0,0.0
2654,0.0,2.0,0.0,0.0
2655,0.0,2.0,0.0,0.0
2656,0.0,14.0,0.0,0.0
2657,0.0,3.0,0.0,0.0
2658,0.0,1.0,0.0,0.0
2659,0.0,1.0,0.0,0.0
2660,0.0,2.0,0.0,0.0
2661,0.0,1.0,0.0,0.0
2662,0.0,1.0,0.0,0.0
2663,0.0,1.0,0.0,0.0
2664,0.0,1.0,0.0,0.0
2665,0.0,2.0,0.0,0.0
2666,0.0,8.0,0.0,0.0
2667,0.0,4.0,0.0,0.0
2668,0.0,10.0,0.0,0.0
2669,0.0,3.0,0.0,0.0
2670,0.0,1.0,0.0,0.0
2671,0.0,1.0,0.0,0.0
2672,0.0,1.0,0.0,0.0
2673,0.0,1.0,0.0,0.0
2674,0.0,3.0,0.0,0.0
2675,0.0,1.0,0.0,0.0
2676,0.0,4.0,0.0,0.0
2677,0.0,1.0,0.0,0.0
2678,0.0,2.0,0.0,0.0
2679,0.0,4.0,0.0,0.0
2680,0.0,4.0,0.0,0.0
2681,0.0,1.0,0.0,0.0
2682,0.0,1.0,0.0,0.0
2683,0.0,2.0,0.0,0.0
2684,0.0,1.0,0.0,0.0
2685,0.0,1.0,0.0,0.0
2686,0.0,3.0,0.0,0.0
2687,0.0,3.0,0.0,0.0
2688,0.0,1.0,0.0,0.0
2689,0.0,2.0,0.0,0.0
2690,0.0,3.0,0.0,0.0
2691,0.0,3.0,0.0,0.0
2692,0.0,1.0,0.0,0.0
2693,0.0,2.0,0.0,0.0
2694,0.0,1.0,0.0,0.0
2695,0.0,4.0,0.0,0.0
2696,0.0,1.0,0.0,0.0
2697,0.0,1.0,0.0,0.0
2698,0.0,7.0,0.0,0.0
2699,0.0,1.0,0.0,0.0
2700,0.0,1.0,0.0,0.0
2701,0.0,4.0,0.0,0.0
2702,0.0,1.0,0.0,0.0
2703,0.0,6.0,0.0,0.0
2704,0.0,2.0,0.0,0.0
2705,0.0,1.0,0.0,0.0
2706,0.0,1.0,0.0,0.0
2707,0.0,1.0,0.0,0.0
2708,0.0,1.0,0.0,0.0
2709,0.0,1.0,0.0,0.0
2710,0.0,2.0,0.0,0.0
2711,0.0,1.0,0.0,0.0
2712,0.0,1.0,0.0,0.0
2713,0.0,1.0,0.0,0.0
2714,0.0,2.0,0.0,0.0
2715,0.0,1.0,0.0,0.0
2716,0.0,3.0,0.0,0.0
2717,0.0,1.0,0.0,0.0
2718,0.0,6.0,0.0,0.0
2719,0.0,4.0,0.0,0.0
2720,0.0,1.0,0.0,0.0
2721,0.0,1.0,0.0,0.0
2722,0.0,2.0,0.0,0.0
2723,0.0,1.0,0.0,0.0
