grid_id,node_i,node_i_old,node_i_aa_1based
sq_10_16,0,0,1
sq_10_17,1,1,2
sq_10_18,2,2,3
sq_10_19,3,3,4
sq_10_20,4,4,5
sq_10_21,5,5,6
sq_10_22,6,6,7
sq_10_23,7,7,8
sq_10_24,8,8,9
sq_10_25,9,9,10
sq_10_26,10,10,11
sq_10_27,11,11,12
sq_10_28,12,12,13
sq_10_29,13,13,14
sq_10_30,14,14,15
sq_10_31,15,15,16
sq_10_32,16,16,17
sq_10_33,17,17,18
sq_10_34,18,18,19
sq_10_35,19,19,20
sq_10_36,20,20,21
sq_10_37,21,21,22
sq_10_39,22,22,23
sq_10_40,23,23,24
sq_10_41,24,24,25
sq_10_42,25,25,26
sq_10_43,26,26,27
sq_10_44,27,27,28
sq_10_45,28,28,29
sq_10_46,29,29,30
sq_10_47,30,30,31
sq_10_48,31,31,32
sq_10_50,32,32,33
sq_10_51,33,33,34
sq_11_18,34,34,35
sq_11_19,35,35,36
sq_11_20,36,36,37
sq_11_21,37,37,38
sq_11_22,38,38,39
sq_11_23,39,39,40
sq_11_24,40,40,41
sq_11_25,41,41,42
sq_11_26,42,42,43
sq_11_27,43,43,44
sq_11_29,44,44,45
sq_11_30,45,45,46
sq_11_31,46,46,47
sq_11_32,47,47,48
sq_11_33,48,48,49
sq_11_35,49,49,50
sq_11_36,50,50,51
sq_11_37,51,51,52
sq_11_38,52,52,53
sq_11_39,53,53,54
sq_11_40,54,54,55
sq_11_41,55,55,56
sq_11_42,56,56,57
sq_11_43,57,57,58
sq_11_44,58,58,59
sq_11_45,59,59,60
sq_11_46,60,60,61
sq_11_47,61,61,62
sq_11_48,62,62,63
sq_11_49,63,63,64
sq_11_50,64,64,65
sq_11_51,65,65,66
sq_11_52,66,66,67
sq_11_53,67,67,68
sq_11_54,68,68,69
sq_12_20,69,69,70
sq_12_21,70,70,71
sq_12_22,71,71,72
sq_12_23,72,72,73
sq_12_25,73,73,74
sq_12_26,74,74,75
sq_12_27,75,75,76
sq_12_28,76,76,77
sq_12_29,77,77,78
sq_12_30,78,78,79
sq_12_31,79,79,80
sq_12_32,80,80,81
sq_12_33,81,81,82
sq_12_34,82,82,83
sq_12_35,83,83,84
sq_12_36,84,84,85
sq_12_39,85,85,86
sq_12_40,86,86,87
sq_12_41,87,87,88
sq_12_42,88,88,89
sq_12_43,89,89,90
sq_12_44,90,90,91
sq_12_45,91,91,92
sq_12_46,92,92,93
sq_12_47,93,93,94
sq_12_48,94,94,95
sq_12_50,95,95,96
sq_12_51,96,96,97
sq_12_52,97,97,98
sq_12_53,98,98,99
sq_12_54,99,99,100
sq_13_10,100,100,101
sq_13_11,101,101,102
sq_13_12,102,102,103
sq_13_20,103,103,104
sq_13_21,104,104,105
sq_13_22,105,105,106
sq_13_23,106,106,107
sq_13_24,107,107,108
sq_13_25,108,108,109
sq_13_26,109,109,110
sq_13_27,110,110,111
sq_13_28,111,111,112
sq_13_29,112,112,113
sq_13_30,113,113,114
sq_13_31,114,114,115
sq_13_32,115,115,116
sq_13_33,116,116,117
sq_13_34,117,117,118
sq_13_35,118,118,119
sq_13_36,119,119,120
sq_13_37,120,120,121
sq_13_38,121,121,122
sq_13_39,122,122,123
sq_13_41,123,123,124
sq_13_42,124,124,125
sq_13_43,125,125,126
sq_13_44,126,126,127
sq_13_45,127,127,128
sq_13_46,128,128,129
sq_13_47,129,129,130
sq_13_48,130,130,131
sq_13_49,131,131,132
sq_13_50,132,132,133
sq_13_51,133,133,134
sq_13_52,134,134,135
sq_13_53,135,135,136
sq_13_54,136,136,137
sq_13_9,137,137,138
sq_14_10,138,138,139
sq_14_11,139,139,140
sq_14_12,140,140,141
sq_14_19,141,141,142
sq_14_20,142,142,143
sq_14_21,143,143,144
sq_14_22,144,144,145
sq_14_23,145,145,146
sq_14_24,146,146,147
sq_14_25,147,147,148
sq_14_26,148,148,149
sq_14_27,149,149,150
sq_14_28,150,150,151
sq_14_29,151,151,152
sq_14_30,152,152,153
sq_14_31,153,153,154
sq_14_32,154,154,155
sq_14_33,155,155,156
sq_14_34,156,156,157
sq_14_35,157,157,158
sq_14_36,158,158,159
sq_14_37,159,159,160
sq_14_38,160,160,161
sq_14_39,161,161,162
sq_14_40,162,162,163
sq_14_41,163,163,164
sq_14_42,164,164,165
sq_14_43,165,165,166
sq_14_44,166,166,167
sq_14_45,167,167,168
sq_14_46,168,168,169
sq_14_47,169,169,170
sq_14_48,170,170,171
sq_14_50,171,171,172
sq_14_51,172,172,173
sq_14_52,173,173,174
sq_14_53,174,174,175
sq_14_54,175,175,176
sq_14_7,176,176,177
sq_14_8,177,177,178
sq_14_9,178,178,179
sq_15_0,179,179,180
sq_15_12,180,180,181
sq_15_13,181,181,182
sq_15_2,182,182,183
sq_15_20,183,183,184
sq_15_21,184,184,185
sq_15_22,185,185,186
sq_15_23,186,186,187
sq_15_24,187,187,188
sq_15_25,188,188,189
sq_15_26,189,189,190
sq_15_27,190,190,191
sq_15_28,191,191,192
sq_15_29,192,192,193
sq_15_3,193,193,194
sq_15_30,194,194,195
sq_15_31,195,195,196
sq_15_32,196,196,197
sq_15_33,197,197,198
sq_15_34,198,198,199
sq_15_35,199,199,200
sq_15_36,200,200,201
sq_15_37,201,201,202
sq_15_38,202,202,203
sq_15_39,203,203,204
sq_15_40,204,204,205
sq_15_41,205,205,206
sq_15_42,206,206,207
sq_15_43,207,207,208
sq_15_44,208,208,209
sq_15_45,209,209,210
sq_15_46,210,210,211
sq_15_47,211,211,212
sq_15_48,212,212,213
sq_15_49,213,213,214
sq_15_50,214,214,215
sq_15_51,215,215,216
sq_15_52,216,216,217
sq_15_53,217,217,218
sq_15_54,218,218,219
sq_15_6,219,219,220
sq_15_7,220,220,221
sq_16_0,221,221,222
sq_16_1,222,222,223
sq_16_12,223,223,224
sq_16_13,224,224,225
sq_16_2,225,225,226
sq_16_20,226,226,227
sq_16_21,227,227,228
sq_16_22,228,228,229
sq_16_23,229,229,230
sq_16_24,230,230,231
sq_16_25,231,231,232
sq_16_26,232,232,233
sq_16_27,233,233,234
sq_16_28,234,234,235
sq_16_29,235,235,236
sq_16_3,236,236,237
sq_16_30,237,237,238
sq_16_31,238,238,239
sq_16_32,239,239,240
sq_16_33,240,240,241
sq_16_34,241,241,242
sq_16_35,242,242,243
sq_16_36,243,243,244
sq_16_37,244,244,245
sq_16_38,245,245,246
sq_16_39,246,246,247
sq_16_4,247,247,248
sq_16_40,248,248,249
sq_16_41,249,249,250
sq_16_42,250,250,251
sq_16_45,251,251,252
sq_16_46,252,252,253
sq_16_47,253,253,254
sq_16_48,254,254,255
sq_16_5,255,255,256
sq_16_50,256,256,257
sq_16_51,257,257,258
sq_16_52,258,258,259
sq_16_54,259,259,260
sq_16_55,260,260,261
sq_16_56,261,261,262
sq_16_6,262,262,263
sq_17_13,263,263,264
sq_17_14,264,264,265
sq_17_15,265,265,266
sq_17_16,266,266,267
sq_17_17,267,267,268
sq_17_18,268,268,269
sq_17_20,269,269,270
sq_17_21,270,270,271
sq_17_22,271,271,272
sq_17_23,272,272,273
sq_17_24,273,273,274
sq_17_25,274,274,275
sq_17_26,275,275,276
sq_17_27,276,276,277
sq_17_28,277,277,278
sq_17_29,278,278,279
sq_17_31,279,279,280
sq_17_32,280,280,281
sq_17_33,281,281,282
sq_17_34,282,282,283
sq_17_35,283,283,284
sq_17_36,284,284,285
sq_17_37,285,285,286
sq_17_38,286,286,287
sq_17_39,287,287,288
sq_17_40,288,288,289
sq_17_41,289,289,290
sq_17_42,290,290,291
sq_17_43,291,291,292
sq_17_44,292,292,293
sq_17_45,293,293,294
sq_17_47,294,294,295
sq_17_48,295,295,296
sq_17_49,296,296,297
sq_17_50,297,297,298
sq_17_51,298,298,299
sq_17_52,299,299,300
sq_17_53,300,300,301
sq_17_54,301,301,302
sq_17_55,302,302,303
sq_18_13,303,303,304
sq_18_14,304,304,305
sq_18_15,305,305,306
sq_18_16,306,306,307
sq_18_17,307,307,308
sq_18_18,308,308,309
sq_18_19,309,309,310
sq_18_20,310,310,311
sq_18_21,311,311,312
sq_18_22,312,312,313
sq_18_25,313,313,314
sq_18_26,314,314,315
sq_18_27,315,315,316
sq_18_28,316,316,317
sq_18_29,317,317,318
sq_18_30,318,318,319
sq_18_31,319,319,320
sq_18_32,320,320,321
sq_18_33,321,321,322
sq_18_34,322,322,323
sq_18_35,323,323,324
sq_18_36,324,324,325
sq_18_37,325,325,326
sq_18_38,326,326,327
sq_18_39,327,327,328
sq_18_40,328,328,329
sq_18_41,329,329,330
sq_18_42,330,330,331
sq_18_43,331,331,332
sq_18_44,332,332,333
sq_18_45,333,333,334
sq_18_46,334,334,335
sq_18_47,335,335,336
sq_18_48,336,336,337
sq_18_50,337,337,338
sq_18_52,338,338,339
sq_18_54,339,339,340
sq_19_20,340,340,341
sq_19_25,341,341,342
sq_19_26,342,342,343
sq_19_27,343,343,344
sq_19_28,344,344,345
sq_19_29,345,345,346
sq_19_30,346,346,347
sq_19_31,347,347,348
sq_19_32,348,348,349
sq_19_33,349,349,350
sq_19_34,350,350,351
sq_19_35,351,351,352
sq_19_36,352,352,353
sq_19_37,353,353,354
sq_19_38,354,354,355
sq_19_39,355,355,356
sq_19_40,356,356,357
sq_19_41,357,357,358
sq_19_42,358,358,359
sq_19_43,359,359,360
sq_19_44,360,360,361
sq_19_45,361,361,362
sq_19_46,362,362,363
sq_19_47,363,363,364
sq_19_48,364,364,365
sq_19_49,365,365,366
sq_19_50,366,366,367
sq_19_51,367,367,368
sq_19_52,368,368,369
sq_19_53,369,369,370
sq_1_33,371,371,371
sq_20_20,372,372,372
sq_20_21,373,373,373
sq_20_22,374,374,374
sq_20_23,375,375,375
sq_20_24,376,376,376
sq_20_25,377,377,377
sq_20_26,378,378,378
sq_20_27,379,379,379
sq_20_28,380,380,380
sq_20_29,381,381,381
sq_20_30,382,382,382
sq_20_31,383,383,383
sq_20_32,384,384,384
sq_20_33,385,385,385
sq_20_34,386,386,386
sq_20_35,387,387,387
sq_20_36,388,388,388
sq_20_37,389,389,389
sq_20_38,390,390,390
sq_20_39,391,391,391
sq_20_40,392,392,392
sq_20_41,393,393,393
sq_20_42,394,394,394
sq_20_43,395,395,395
sq_20_44,396,396,396
sq_20_45,397,397,397
sq_20_46,398,398,398
sq_20_47,399,399,399
sq_20_48,400,400,400
sq_20_49,401,401,401
sq_20_50,402,402,402
sq_20_51,403,403,403
sq_20_52,404,404,404
sq_21_23,405,405,405
sq_21_24,406,406,406
sq_21_25,407,407,407
sq_21_26,408,408,408
sq_21_27,409,409,409
sq_21_28,410,410,410
sq_21_29,411,411,411
sq_21_30,412,412,412
sq_21_31,413,413,413
sq_21_32,414,414,414
sq_21_33,415,415,415
sq_21_34,416,416,416
sq_21_35,417,417,417
sq_21_36,418,418,418
sq_21_37,419,419,419
sq_21_38,420,420,420
sq_21_39,421,421,421
sq_21_40,422,422,422
sq_21_41,423,423,423
sq_21_42,424,424,424
sq_21_43,425,425,425
sq_21_44,426,426,426
sq_21_45,427,427,427
sq_21_46,428,428,428
sq_21_47,429,429,429
sq_21_48,430,430,430
sq_21_49,431,431,431
sq_21_50,432,432,432
sq_22_25,433,433,433
sq_22_26,434,434,434
sq_22_27,435,435,435
sq_22_28,436,436,436
sq_22_29,437,437,437
sq_22_30,438,438,438
sq_22_31,439,439,439
sq_22_32,440,440,440
sq_22_33,441,441,441
sq_22_34,442,442,442
sq_22_35,443,443,443
sq_22_36,444,444,444
sq_22_37,445,445,445
sq_22_38,446,446,446
sq_22_39,447,447,447
sq_22_40,448,448,448
sq_22_41,449,449,449
sq_22_42,450,450,450
sq_22_43,451,451,451
sq_22_44,452,452,452
sq_22_45,453,453,453
sq_22_46,454,454,454
sq_22_47,455,455,455
sq_22_48,456,456,456
sq_22_49,457,457,457
sq_22_50,458,458,458
sq_23_25,459,459,459
sq_23_26,460,460,460
sq_23_27,461,461,461
sq_23_28,462,462,462
sq_23_29,463,463,463
sq_23_3,464,464,464
sq_23_30,465,465,465
sq_23_31,466,466,466
sq_23_32,467,467,467
sq_23_33,468,468,468
sq_23_34,469,469,469
sq_23_35,470,470,470
sq_23_36,471,471,471
sq_23_37,472,472,472
sq_23_38,473,473,473
sq_23_39,474,474,474
sq_23_4,475,475,475
sq_23_40,476,476,476
sq_23_41,477,477,477
sq_23_42,478,478,478
sq_23_43,479,479,479
sq_23_44,480,480,480
sq_23_45,481,481,481
sq_23_46,482,482,482
sq_23_47,483,483,483
sq_23_48,484,484,484
sq_23_49,485,485,485
sq_23_5,486,486,486
sq_23_50,487,487,487
sq_23_6,488,488,488
sq_24_1,489,489,489
sq_24_2,490,490,490
sq_24_25,491,491,491
sq_24_26,492,492,492
sq_24_28,493,493,493
sq_24_29,494,494,494
sq_24_3,495,495,495
sq_24_30,496,496,496
sq_24_31,497,497,497
sq_24_32,498,498,498
sq_24_33,499,499,499
sq_24_34,500,500,500
sq_24_35,501,501,501
sq_24_36,502,502,502
sq_24_37,503,503,503
sq_24_38,504,504,504
sq_24_39,505,505,505
sq_24_40,506,506,506
sq_24_41,507,507,507
sq_24_42,508,508,508
sq_24_43,509,509,509
sq_24_44,510,510,510
sq_24_45,511,511,511
sq_24_46,512,512,512
sq_24_47,513,513,513
sq_24_48,514,514,514
sq_24_49,515,515,515
sq_24_50,516,516,516
sq_24_6,517,517,517
sq_24_7,518,518,518
sq_24_8,519,519,519
sq_24_9,520,520,520
sq_25_0,521,521,521
sq_25_1,522,522,522
sq_25_10,523,523,523
sq_25_11,524,524,524
sq_25_21,525,525,525
sq_25_22,526,526,526
sq_25_23,527,527,527
sq_25_24,528,528,528
sq_25_25,529,529,529
sq_25_29,530,530,530
sq_25_30,531,531,531
sq_25_31,532,532,532
sq_25_32,533,533,533
sq_25_33,534,534,534
sq_25_34,535,535,535
sq_25_35,536,536,536
sq_25_36,537,537,537
sq_25_37,538,538,538
sq_25_38,539,539,539
sq_25_39,540,540,540
sq_25_40,541,541,541
sq_25_41,542,542,542
sq_25_42,543,543,543
sq_25_43,544,544,544
sq_25_44,545,545,545
sq_25_45,546,546,546
sq_25_46,547,547,547
sq_25_48,548,548,548
sq_25_49,549,549,549
sq_25_8,550,550,550
sq_25_9,551,551,551
sq_26_11,553,553,552
sq_26_12,554,554,553
sq_26_13,555,555,554
sq_26_19,556,556,555
sq_26_20,557,557,556
sq_26_21,558,558,557
sq_26_22,559,559,558
sq_26_23,560,560,559
sq_26_24,561,561,560
sq_26_25,562,562,561
sq_26_28,563,563,562
sq_26_29,564,564,563
sq_26_30,565,565,564
sq_26_31,566,566,565
sq_26_32,567,567,566
sq_26_33,568,568,567
sq_26_34,569,569,568
sq_26_35,570,570,569
sq_26_36,571,571,570
sq_26_37,572,572,571
sq_26_38,573,573,572
sq_26_39,574,574,573
sq_26_40,575,575,574
sq_26_42,576,576,575
sq_26_43,577,577,576
sq_26_44,578,578,577
sq_26_45,579,579,578
sq_26_46,580,580,579
sq_26_47,581,581,580
sq_26_48,582,582,581
sq_26_49,583,583,582
sq_26_50,584,584,583
sq_27_13,585,585,584
sq_27_14,586,586,585
sq_27_15,587,587,586
sq_27_16,588,588,587
sq_27_17,589,589,588
sq_27_18,590,590,589
sq_27_19,591,591,590
sq_27_20,592,592,591
sq_27_21,593,593,592
sq_27_22,594,594,593
sq_27_24,595,595,594
sq_27_25,596,596,595
sq_27_26,597,597,596
sq_27_30,598,598,597
sq_27_31,599,599,598
sq_27_32,600,600,599
sq_27_33,601,601,600
sq_27_34,602,602,601
sq_27_35,603,603,602
sq_27_36,604,604,603
sq_27_37,605,605,604
sq_27_38,606,606,605
sq_27_39,607,607,606
sq_27_40,608,608,607
sq_27_41,609,609,608
sq_27_42,610,610,609
sq_27_43,611,611,610
sq_27_45,612,612,611
sq_27_46,613,613,612
sq_27_47,614,614,613
sq_27_48,615,615,614
sq_27_49,616,616,615
sq_28_15,617,617,616
sq_28_16,618,618,617
sq_28_17,619,619,618
sq_28_18,620,620,619
sq_28_25,621,621,620
sq_28_28,622,622,621
sq_28_29,623,623,622
sq_28_30,624,624,623
sq_28_31,625,625,624
sq_28_32,626,626,625
sq_28_33,627,627,626
sq_28_34,628,628,627
sq_28_35,629,629,628
sq_28_36,630,630,629
sq_28_37,631,631,630
sq_28_38,632,632,631
sq_28_40,633,633,632
sq_28_41,634,634,633
sq_28_42,635,635,634
sq_28_43,636,636,635
sq_28_44,637,637,636
sq_28_45,638,638,637
sq_28_46,639,639,638
sq_28_47,640,640,639
sq_28_48,641,641,640
sq_28_49,642,642,641
sq_28_50,643,643,642
sq_28_51,644,644,643
sq_28_58,645,645,644
sq_29_16,646,646,645
sq_29_17,647,647,646
sq_29_25,648,648,647
sq_29_26,649,649,648
sq_29_27,650,650,649
sq_29_28,651,651,650
sq_29_29,652,652,651
sq_29_30,653,653,652
sq_29_31,654,654,653
sq_29_32,655,655,654
sq_29_33,656,656,655
sq_29_34,657,657,656
sq_29_35,658,658,657
sq_29_36,659,659,658
sq_29_37,660,660,659
sq_29_38,661,661,660
sq_29_39,662,662,661
sq_29_40,663,663,662
sq_29_41,664,664,663
sq_29_42,665,665,664
sq_29_43,666,666,665
sq_29_44,667,667,666
sq_29_45,668,668,667
sq_29_46,669,669,668
sq_29_47,670,670,669
sq_29_48,671,671,670
sq_29_49,672,672,671
sq_29_50,673,673,672
sq_29_51,674,674,673
sq_29_55,675,675,674
sq_29_56,676,676,675
sq_29_58,677,677,676
sq_29_59,678,678,677
sq_2_31,679,679,678
sq_2_32,680,680,679
sq_2_33,681,681,680
sq_30_16,682,682,681
sq_30_17,683,683,682
sq_30_18,684,684,683
sq_30_26,685,685,684
sq_30_27,686,686,685
sq_30_28,687,687,686
sq_30_29,688,688,687
sq_30_30,689,689,688
sq_30_31,690,690,689
sq_30_32,691,691,690
sq_30_33,692,692,691
sq_30_34,693,693,692
sq_30_36,694,694,693
sq_30_37,695,695,694
sq_30_38,696,696,695
sq_30_39,697,697,696
sq_30_40,698,698,697
sq_30_41,699,699,698
sq_30_42,700,700,699
sq_30_43,701,701,700
sq_30_44,702,702,701
sq_30_45,703,703,702
sq_30_46,704,704,703
sq_30_47,705,705,704
sq_30_48,706,706,705
sq_30_49,707,707,706
sq_30_50,708,708,707
sq_30_51,709,709,708
sq_30_52,710,710,709
sq_30_53,711,711,710
sq_30_54,712,712,711
sq_30_55,713,713,712
sq_30_56,714,714,713
sq_30_57,715,715,714
sq_30_58,716,716,715
sq_30_59,717,717,716
sq_30_60,718,718,717
sq_30_61,719,719,718
sq_30_62,720,720,719
sq_31_16,721,721,720
sq_31_18,722,722,721
sq_31_19,723,723,722
sq_31_20,724,724,723
sq_31_26,725,725,724
sq_31_27,726,726,725
sq_31_28,727,727,726
sq_31_29,728,728,727
sq_31_31,729,729,728
sq_31_32,730,730,729
sq_31_33,731,731,730
sq_31_34,732,732,731
sq_31_35,733,733,732
sq_31_36,734,734,733
sq_31_37,735,735,734
sq_31_38,736,736,735
sq_31_39,737,737,736
sq_31_40,738,738,737
sq_31_41,739,739,738
sq_31_42,740,740,739
sq_31_43,741,741,740
sq_31_44,742,742,741
sq_31_45,743,743,742
sq_31_46,744,744,743
sq_31_47,745,745,744
sq_31_48,746,746,745
sq_31_49,747,747,746
sq_31_50,748,748,747
sq_31_51,749,749,748
sq_31_52,750,750,749
sq_31_53,751,751,750
sq_31_54,752,752,751
sq_31_55,753,753,752
sq_31_56,754,754,753
sq_31_58,755,755,754
sq_31_59,756,756,755
sq_31_60,757,757,756
sq_31_61,758,758,757
sq_31_62,759,759,758
sq_32_16,760,760,759
sq_32_20,761,761,760
sq_32_26,762,762,761
sq_32_27,763,763,762
sq_32_28,764,764,763
sq_32_29,765,765,764
sq_32_30,766,766,765
sq_32_31,767,767,766
sq_32_32,768,768,767
sq_32_33,769,769,768
sq_32_34,770,770,769
sq_32_35,771,771,770
sq_32_36,772,772,771
sq_32_37,773,773,772
sq_32_38,774,774,773
sq_32_39,775,775,774
sq_32_40,776,776,775
sq_32_41,777,777,776
sq_32_42,778,778,777
sq_32_43,779,779,778
sq_32_44,780,780,779
sq_32_45,781,781,780
sq_32_46,782,782,781
sq_32_47,783,783,782
sq_32_48,784,784,783
sq_32_49,785,785,784
sq_32_50,786,786,785
sq_32_51,787,787,786
sq_32_52,788,788,787
sq_32_53,789,789,788
sq_32_54,790,790,789
sq_32_55,791,791,790
sq_32_56,792,792,791
sq_32_59,793,793,792
sq_32_60,794,794,793
sq_32_61,795,795,794
sq_32_62,796,796,795
sq_32_63,797,797,796
sq_32_64,798,798,797
sq_32_65,799,799,798
sq_32_67,800,800,799
sq_32_68,801,801,800
sq_33_16,802,802,801
sq_33_17,803,803,802
sq_33_18,804,804,803
sq_33_19,805,805,804
sq_33_20,806,806,805
sq_33_21,807,807,806
sq_33_22,808,808,807
sq_33_26,809,809,808
sq_33_27,810,810,809
sq_33_28,811,811,810
sq_33_29,812,812,811
sq_33_30,813,813,812
sq_33_31,814,814,813
sq_33_33,815,815,814
sq_33_34,816,816,815
sq_33_35,817,817,816
sq_33_36,818,818,817
sq_33_38,819,819,818
sq_33_39,820,820,819
sq_33_40,821,821,820
sq_33_41,822,822,821
sq_33_42,823,823,822
sq_33_43,824,824,823
sq_33_44,825,825,824
sq_33_45,826,826,825
sq_33_46,827,827,826
sq_33_47,828,828,827
sq_33_48,829,829,828
sq_33_49,830,830,829
sq_33_50,831,831,830
sq_33_51,832,832,831
sq_33_52,833,833,832
sq_33_53,834,834,833
sq_33_55,835,835,834
sq_33_56,836,836,835
sq_33_57,837,837,836
sq_33_58,838,838,837
sq_33_59,839,839,838
sq_33_60,840,840,839
sq_33_61,841,841,840
sq_33_62,842,842,841
sq_33_63,843,843,842
sq_33_64,844,844,843
sq_33_65,845,845,844
sq_33_66,846,846,845
sq_33_67,847,847,846
sq_33_68,848,848,847
sq_34_16,849,849,848
sq_34_17,850,850,849
sq_34_18,851,851,850
sq_34_19,852,852,851
sq_34_22,853,853,852
sq_34_23,854,854,853
sq_34_26,855,855,854
sq_34_27,856,856,855
sq_34_28,857,857,856
sq_34_29,858,858,857
sq_34_30,859,859,858
sq_34_31,860,860,859
sq_34_32,861,861,860
sq_34_33,862,862,861
sq_34_35,863,863,862
sq_34_36,864,864,863
sq_34_38,865,865,864
sq_34_39,866,866,865
sq_34_40,867,867,866
sq_34_41,868,868,867
sq_34_43,869,869,868
sq_34_44,870,870,869
sq_34_45,871,871,870
sq_34_46,872,872,871
sq_34_47,873,873,872
sq_34_48,874,874,873
sq_34_49,875,875,874
sq_34_50,876,876,875
sq_34_51,877,877,876
sq_34_52,878,878,877
sq_34_53,879,879,878
sq_34_54,880,880,879
sq_34_55,881,881,880
sq_34_56,882,882,881
sq_34_57,883,883,882
sq_34_59,884,884,883
sq_34_60,885,885,884
sq_34_61,886,886,885
sq_34_62,887,887,886
sq_34_63,888,888,887
sq_34_64,889,889,888
sq_34_65,890,890,889
sq_34_66,891,891,890
sq_34_67,892,892,891
sq_34_68,893,893,892
sq_35_23,894,894,893
sq_35_24,895,895,894
sq_35_25,896,896,895
sq_35_26,897,897,896
sq_35_27,898,898,897
sq_35_28,899,899,898
sq_35_29,900,900,899
sq_35_30,901,901,900
sq_35_31,902,902,901
sq_35_32,903,903,902
sq_35_33,904,904,903
sq_35_34,905,905,904
sq_35_35,906,906,905
sq_35_36,907,907,906
sq_35_37,908,908,907
sq_35_38,909,909,908
sq_35_39,910,910,909
sq_35_40,911,911,910
sq_35_41,912,912,911
sq_35_42,913,913,912
sq_35_43,914,914,913
sq_35_44,915,915,914
sq_35_45,916,916,915
sq_35_46,917,917,916
sq_35_47,918,918,917
sq_35_48,919,919,918
sq_35_49,920,920,919
sq_35_50,921,921,920
sq_35_51,922,922,921
sq_35_52,923,923,922
sq_35_53,924,924,923
sq_35_54,925,925,924
sq_35_55,926,926,925
sq_35_56,927,927,926
sq_35_57,928,928,927
sq_35_58,929,929,928
sq_35_59,930,930,929
sq_35_60,931,931,930
sq_35_61,932,932,931
sq_35_62,933,933,932
sq_35_63,934,934,933
sq_35_64,935,935,934
sq_35_65,936,936,935
sq_35_66,937,937,936
sq_35_67,938,938,937
sq_35_68,939,939,938
sq_35_69,940,940,939
sq_35_70,941,941,940
sq_35_71,942,942,941
sq_35_72,943,943,942
sq_36_23,944,944,943
sq_36_24,945,945,944
sq_36_25,946,946,945
sq_36_26,947,947,946
sq_36_27,948,948,947
sq_36_28,949,949,948
sq_36_29,950,950,949
sq_36_30,951,951,950
sq_36_31,952,952,951
sq_36_32,953,953,952
sq_36_33,954,954,953
sq_36_34,955,955,954
sq_36_35,956,956,955
sq_36_36,957,957,956
sq_36_37,958,958,957
sq_36_38,959,959,958
sq_36_39,960,960,959
sq_36_40,961,961,960
sq_36_41,962,962,961
sq_36_42,963,963,962
sq_36_44,964,964,963
sq_36_45,965,965,964
sq_36_46,966,966,965
sq_36_47,967,967,966
sq_36_48,968,968,967
sq_36_49,969,969,968
sq_36_50,970,970,969
sq_36_51,971,971,970
sq_36_52,972,972,971
sq_36_53,973,973,972
sq_36_54,974,974,973
sq_36_55,975,975,974
sq_36_56,976,976,975
sq_36_57,977,977,976
sq_36_58,978,978,977
sq_36_59,979,979,978
sq_36_60,980,980,979
sq_36_61,981,981,980
sq_36_62,982,982,981
sq_36_63,983,983,982
sq_36_64,984,984,983
sq_36_65,985,985,984
sq_36_66,986,986,985
sq_36_67,987,987,986
sq_36_68,988,988,987
sq_36_69,989,989,988
sq_36_70,990,990,989
sq_36_71,991,991,990
sq_36_72,992,992,991
sq_37_23,993,993,992
sq_37_24,994,994,993
sq_37_25,995,995,994
sq_37_26,996,996,995
sq_37_27,997,997,996
sq_37_28,998,998,997
sq_37_29,999,999,998
sq_37_30,1000,1000,999
sq_37_31,1001,1001,1000
sq_37_32,1002,1002,1001
sq_37_33,1003,1003,1002
sq_37_34,1004,1004,1003
sq_37_35,1005,1005,1004
sq_37_36,1006,1006,1005
sq_37_37,1007,1007,1006
sq_37_38,1008,1008,1007
sq_37_39,1009,1009,1008
sq_37_40,1010,1010,1009
sq_37_41,1011,1011,1010
sq_37_42,1012,1012,1011
sq_37_43,1013,1013,1012
sq_37_44,1014,1014,1013
sq_37_45,1015,1015,1014
sq_37_46,1016,1016,1015
sq_37_47,1017,1017,1016
sq_37_48,1018,1018,1017
sq_37_49,1019,1019,1018
sq_37_50,1020,1020,1019
sq_37_51,1021,1021,1020
sq_37_53,1022,1022,1021
sq_37_54,1023,1023,1022
sq_37_59,1024,1024,1023
sq_37_62,1025,1025,1024
sq_37_63,1026,1026,1025
sq_37_65,1027,1027,1026
sq_37_66,1028,1028,1027
sq_37_69,1029,1029,1028
sq_37_70,1030,1030,1029
sq_38_24,1031,1031,1030
sq_38_25,1032,1032,1031
sq_38_26,1033,1033,1032
sq_38_27,1034,1034,1033
sq_38_28,1035,1035,1034
sq_38_29,1036,1036,1035
sq_38_30,1037,1037,1036
sq_38_31,1038,1038,1037
sq_38_35,1039,1039,1038
sq_38_36,1040,1040,1039
sq_38_38,1041,1041,1040
sq_38_39,1042,1042,1041
sq_38_40,1043,1043,1042
sq_38_41,1044,1044,1043
sq_38_42,1045,1045,1044
sq_38_43,1046,1046,1045
sq_38_44,1047,1047,1046
sq_38_45,1048,1048,1047
sq_38_46,1049,1049,1048
sq_38_47,1050,1050,1049
sq_38_48,1051,1051,1050
sq_38_49,1052,1052,1051
sq_38_50,1053,1053,1052
sq_38_51,1054,1054,1053
sq_38_52,1055,1055,1054
sq_38_53,1056,1056,1055
sq_38_54,1057,1057,1056
sq_38_55,1058,1058,1057
sq_38_59,1059,1059,1058
sq_38_63,1060,1060,1059
sq_39_25,1061,1061,1060
sq_39_26,1062,1062,1061
sq_39_29,1063,1063,1062
sq_39_30,1064,1064,1063
sq_39_31,1065,1065,1064
sq_39_36,1066,1066,1065
sq_39_40,1067,1067,1066
sq_39_41,1068,1068,1067
sq_39_42,1069,1069,1068
sq_39_43,1070,1070,1069
sq_39_44,1071,1071,1070
sq_39_45,1072,1072,1071
sq_39_46,1073,1073,1072
sq_39_47,1074,1074,1073
sq_39_48,1075,1075,1074
sq_39_50,1076,1076,1075
sq_39_51,1077,1077,1076
sq_39_52,1078,1078,1077
sq_39_53,1079,1079,1078
sq_39_55,1080,1080,1079
sq_39_58,1081,1081,1080
sq_39_59,1082,1082,1081
sq_39_63,1083,1083,1082
sq_3_30,1084,1084,1083
sq_3_31,1085,1085,1084
sq_3_32,1086,1086,1085
sq_3_33,1087,1087,1086
sq_40_24,1088,1088,1087
sq_40_25,1089,1089,1088
sq_40_29,1090,1090,1089
sq_40_30,1091,1091,1090
sq_40_31,1092,1092,1091
sq_40_34,1093,1093,1092
sq_40_35,1094,1094,1093
sq_40_36,1095,1095,1094
sq_40_41,1096,1096,1095
sq_40_42,1097,1097,1096
sq_40_43,1098,1098,1097
sq_40_44,1099,1099,1098
sq_40_45,1100,1100,1099
sq_40_46,1101,1101,1100
sq_40_47,1102,1102,1101
sq_40_48,1103,1103,1102
sq_40_49,1104,1104,1103
sq_40_50,1105,1105,1104
sq_40_51,1106,1106,1105
sq_40_54,1107,1107,1106
sq_40_55,1108,1108,1107
sq_40_56,1109,1109,1108
sq_40_57,1110,1110,1109
sq_40_58,1111,1111,1110
sq_40_63,1112,1112,1111
sq_41_23,1113,1113,1112
sq_41_24,1114,1114,1113
sq_41_28,1115,1115,1114
sq_41_29,1116,1116,1115
sq_41_30,1117,1117,1116
sq_41_31,1118,1118,1117
sq_41_33,1119,1119,1118
sq_41_34,1120,1120,1119
sq_41_41,1121,1121,1120
sq_41_42,1122,1122,1121
sq_41_43,1123,1123,1122
sq_41_44,1124,1124,1123
sq_41_45,1125,1125,1124
sq_41_46,1126,1126,1125
sq_41_48,1127,1127,1126
sq_41_49,1128,1128,1127
sq_41_51,1129,1129,1128
sq_41_53,1130,1130,1129
sq_41_54,1131,1131,1130
sq_41_57,1132,1132,1131
sq_41_63,1133,1133,1132
sq_42_22,1134,1134,1133
sq_42_23,1135,1135,1134
sq_42_26,1136,1136,1135
sq_42_27,1137,1137,1136
sq_42_28,1138,1138,1137
sq_42_31,1139,1139,1138
sq_42_32,1140,1140,1139
sq_42_34,1141,1141,1140
sq_42_40,1142,1142,1141
sq_42_41,1143,1143,1142
sq_42_42,1144,1144,1143
sq_42_44,1145,1145,1144
sq_42_45,1146,1146,1145
sq_42_46,1147,1147,1146
sq_42_47,1148,1148,1147
sq_42_48,1149,1149,1148
sq_42_49,1150,1150,1149
sq_42_50,1151,1151,1150
sq_42_51,1152,1152,1151
sq_42_52,1153,1153,1152
sq_42_53,1154,1154,1153
sq_42_54,1155,1155,1154
sq_42_57,1156,1156,1155
sq_42_63,1157,1157,1156
sq_43_20,1158,1158,1157
sq_43_21,1159,1159,1158
sq_43_22,1160,1160,1159
sq_43_25,1161,1161,1160
sq_43_26,1162,1162,1161
sq_43_32,1163,1163,1162
sq_43_34,1164,1164,1163
sq_43_36,1165,1165,1164
sq_43_37,1166,1166,1165
sq_43_39,1167,1167,1166
sq_43_40,1168,1168,1167
sq_43_42,1169,1169,1168
sq_43_43,1170,1170,1169
sq_43_44,1171,1171,1170
sq_43_45,1172,1172,1171
sq_43_46,1173,1173,1172
sq_43_48,1174,1174,1173
sq_43_49,1175,1175,1174
sq_43_50,1176,1176,1175
sq_43_51,1177,1177,1176
sq_43_52,1178,1178,1177
sq_43_53,1179,1179,1178
sq_43_57,1180,1180,1179
sq_43_58,1181,1181,1180
sq_43_63,1182,1182,1181
sq_44_16,1183,1183,1182
sq_44_17,1184,1184,1183
sq_44_18,1185,1185,1184
sq_44_19,1186,1186,1185
sq_44_20,1187,1187,1186
sq_44_25,1188,1188,1187
sq_44_30,1189,1189,1188
sq_44_32,1190,1190,1189
sq_44_33,1191,1191,1190
sq_44_34,1192,1192,1191
sq_44_35,1193,1193,1192
sq_44_36,1194,1194,1193
sq_44_37,1195,1195,1194
sq_44_38,1196,1196,1195
sq_44_39,1197,1197,1196
sq_44_41,1198,1198,1197
sq_44_42,1199,1199,1198
sq_44_43,1200,1200,1199
sq_44_44,1201,1201,1200
sq_44_45,1202,1202,1201
sq_44_46,1203,1203,1202
sq_44_47,1204,1204,1203
sq_44_48,1205,1205,1204
sq_44_49,1206,1206,1205
sq_44_50,1207,1207,1206
sq_44_51,1208,1208,1207
sq_44_52,1209,1209,1208
sq_44_53,1210,1210,1209
sq_44_56,1211,1211,1210
sq_44_57,1212,1212,1211
sq_44_58,1213,1213,1212
sq_44_59,1214,1214,1213
sq_44_60,1215,1215,1214
sq_44_61,1216,1216,1215
sq_44_63,1217,1217,1216
sq_44_64,1218,1218,1217
sq_45_17,1219,1219,1218
sq_45_18,1220,1220,1219
sq_45_19,1221,1221,1220
sq_45_20,1222,1222,1221
sq_45_24,1223,1223,1222
sq_45_25,1224,1224,1223
sq_45_30,1225,1225,1224
sq_45_31,1226,1226,1225
sq_45_34,1227,1227,1226
sq_45_35,1228,1228,1227
sq_45_41,1229,1229,1228
sq_45_42,1230,1230,1229
sq_45_44,1231,1231,1230
sq_45_45,1232,1232,1231
sq_45_46,1233,1233,1232
sq_45_47,1234,1234,1233
sq_45_48,1235,1235,1234
sq_45_49,1236,1236,1235
sq_45_50,1237,1237,1236
sq_45_51,1238,1238,1237
sq_45_52,1239,1239,1238
sq_45_53,1240,1240,1239
sq_45_54,1241,1241,1240
sq_45_55,1242,1242,1241
sq_45_56,1243,1243,1242
sq_45_57,1244,1244,1243
sq_45_58,1245,1245,1244
sq_45_59,1246,1246,1245
sq_45_60,1247,1247,1246
sq_45_61,1248,1248,1247
sq_45_62,1249,1249,1248
sq_45_64,1250,1250,1249
sq_46_17,1251,1251,1250
sq_46_18,1252,1252,1251
sq_46_19,1253,1253,1252
sq_46_20,1254,1254,1253
sq_46_24,1255,1255,1254
sq_46_30,1256,1256,1255
sq_46_31,1257,1257,1256
sq_46_34,1258,1258,1257
sq_46_35,1259,1259,1258
sq_46_36,1260,1260,1259
sq_46_37,1261,1261,1260
sq_46_38,1262,1262,1261
sq_46_39,1263,1263,1262
sq_46_40,1264,1264,1263
sq_46_41,1265,1265,1264
sq_46_42,1266,1266,1265
sq_46_46,1267,1267,1266
sq_46_47,1268,1268,1267
sq_46_48,1269,1269,1268
sq_46_52,1270,1270,1269
sq_46_53,1271,1271,1270
sq_46_54,1272,1272,1271
sq_46_55,1273,1273,1272
sq_46_56,1274,1274,1273
sq_46_57,1275,1275,1274
sq_46_58,1276,1276,1275
sq_46_60,1277,1277,1276
sq_46_62,1278,1278,1277
sq_46_63,1279,1279,1278
sq_46_64,1280,1280,1279
sq_47_17,1281,1281,1280
sq_47_18,1282,1282,1281
sq_47_19,1283,1283,1282
sq_47_20,1284,1284,1283
sq_47_21,1285,1285,1284
sq_47_22,1286,1286,1285
sq_47_23,1287,1287,1286
sq_47_24,1288,1288,1287
sq_47_29,1289,1289,1288
sq_47_30,1290,1290,1289
sq_47_31,1291,1291,1290
sq_47_37,1292,1292,1291
sq_47_38,1293,1293,1292
sq_47_40,1294,1294,1293
sq_47_41,1295,1295,1294
sq_47_46,1296,1296,1295
sq_47_47,1297,1297,1296
sq_47_48,1298,1298,1297
sq_47_52,1299,1299,1298
sq_47_56,1300,1300,1299
sq_47_58,1301,1301,1300
sq_47_64,1302,1302,1301
sq_47_65,1303,1303,1302
sq_47_66,1304,1304,1303
sq_47_67,1305,1305,1304
sq_48_13,1306,1306,1305
sq_48_14,1307,1307,1306
sq_48_16,1308,1308,1307
sq_48_17,1309,1309,1308
sq_48_19,1310,1310,1309
sq_48_20,1311,1311,1310
sq_48_21,1312,1312,1311
sq_48_22,1313,1313,1312
sq_48_24,1314,1314,1313
sq_48_25,1315,1315,1314
sq_48_29,1316,1316,1315
sq_48_37,1317,1317,1316
sq_48_45,1318,1318,1317
sq_48_46,1319,1319,1318
sq_48_47,1320,1320,1319
sq_48_52,1321,1321,1320
sq_48_56,1322,1322,1321
sq_48_58,1323,1323,1322
sq_48_59,1324,1324,1323
sq_48_65,1325,1325,1324
sq_49_14,1326,1326,1325
sq_49_15,1327,1327,1326
sq_49_16,1328,1328,1327
sq_49_20,1329,1329,1328
sq_49_21,1330,1330,1329
sq_49_25,1331,1331,1330
sq_49_29,1332,1332,1331
sq_49_30,1333,1333,1332
sq_49_45,1334,1334,1333
sq_49_52,1335,1335,1334
sq_49_53,1336,1336,1335
sq_49_54,1337,1337,1336
sq_49_55,1338,1338,1337
sq_49_56,1339,1339,1338
sq_49_59,1340,1340,1339
sq_49_65,1341,1341,1340
sq_4_12,1342,1342,1341
sq_4_13,1343,1343,1342
sq_4_14,1344,1344,1343
sq_4_30,1345,1345,1344
sq_4_31,1346,1346,1345
sq_4_33,1347,1347,1346
sq_50_15,1348,1348,1347
sq_50_16,1349,1349,1348
sq_50_17,1350,1350,1349
sq_50_20,1351,1351,1350
sq_50_21,1352,1352,1351
sq_50_22,1353,1353,1352
sq_50_23,1354,1354,1353
sq_50_24,1355,1355,1354
sq_50_25,1356,1356,1355
sq_50_26,1357,1357,1356
sq_50_28,1358,1358,1357
sq_50_29,1359,1359,1358
sq_50_30,1360,1360,1359
sq_50_35,1361,1361,1360
sq_50_36,1362,1362,1361
sq_50_45,1363,1363,1362
sq_50_46,1364,1364,1363
sq_50_51,1365,1365,1364
sq_50_52,1366,1366,1365
sq_50_54,1367,1367,1366
sq_50_59,1368,1368,1367
sq_50_60,1369,1369,1368
sq_50_64,1370,1370,1369
sq_50_65,1371,1371,1370
sq_51_17,1372,1372,1371
sq_51_18,1373,1373,1372
sq_51_20,1374,1374,1373
sq_51_22,1375,1375,1374
sq_51_23,1376,1376,1375
sq_51_24,1377,1377,1376
sq_51_25,1378,1378,1377
sq_51_26,1379,1379,1378
sq_51_27,1380,1380,1379
sq_51_28,1381,1381,1380
sq_51_36,1382,1382,1381
sq_51_37,1383,1383,1382
sq_51_38,1384,1384,1383
sq_51_46,1385,1385,1384
sq_51_51,1386,1386,1385
sq_51_60,1387,1387,1386
sq_51_61,1388,1388,1387
sq_51_62,1389,1389,1388
sq_51_63,1390,1390,1389
sq_51_64,1391,1391,1390
sq_51_65,1392,1392,1391
sq_51_66,1393,1393,1392
sq_52_18,1394,1394,1393
sq_52_19,1395,1395,1394
sq_52_20,1396,1396,1395
sq_52_21,1397,1397,1396
sq_52_22,1398,1398,1397
sq_52_23,1399,1399,1398
sq_52_24,1400,1400,1399
sq_52_25,1401,1401,1400
sq_52_26,1402,1402,1401
sq_52_27,1403,1403,1402
sq_52_36,1404,1404,1403
sq_52_37,1405,1405,1404
sq_52_39,1407,1407,1405
sq_52_40,1408,1408,1406
sq_52_46,1409,1409,1407
sq_52_51,1410,1410,1408
sq_52_62,1411,1411,1409
sq_52_63,1412,1412,1410
sq_52_64,1413,1413,1411
sq_52_66,1414,1414,1412
sq_52_67,1415,1415,1413
sq_53_22,1416,1416,1414
sq_53_23,1417,1417,1415
sq_53_24,1418,1418,1416
sq_53_25,1419,1419,1417
sq_53_27,1420,1420,1418
sq_53_28,1421,1421,1419
sq_53_30,1422,1422,1420
sq_53_31,1423,1423,1421
sq_53_32,1424,1424,1422
sq_53_33,1425,1425,1423
sq_53_34,1426,1426,1424
sq_53_35,1427,1427,1425
sq_53_36,1428,1428,1426
sq_53_40,1429,1429,1427
sq_53_41,1430,1430,1428
sq_53_46,1431,1431,1429
sq_53_51,1432,1432,1430
sq_53_62,1433,1433,1431
sq_53_63,1434,1434,1432
sq_53_64,1435,1435,1433
sq_54_25,1436,1436,1434
sq_54_26,1437,1437,1435
sq_54_27,1438,1438,1436
sq_54_28,1439,1439,1437
sq_54_29,1440,1440,1438
sq_54_30,1441,1441,1439
sq_54_34,1442,1442,1440
sq_54_41,1443,1443,1441
sq_54_42,1444,1444,1442
sq_54_46,1445,1445,1443
sq_54_51,1446,1446,1444
sq_54_52,1447,1447,1445
sq_54_54,1448,1448,1446
sq_54_55,1449,1449,1447
sq_54_56,1450,1450,1448
sq_54_57,1451,1451,1449
sq_54_58,1452,1452,1450
sq_54_61,1453,1453,1451
sq_54_63,1454,1454,1452
sq_54_64,1455,1455,1453
sq_55_25,1456,1456,1454
sq_55_27,1457,1457,1455
sq_55_28,1458,1458,1456
sq_55_29,1459,1459,1457
sq_55_30,1460,1460,1458
sq_55_31,1461,1461,1459
sq_55_42,1462,1462,1460
sq_55_43,1463,1463,1461
sq_55_44,1464,1464,1462
sq_55_46,1465,1465,1463
sq_55_50,1466,1466,1464
sq_55_51,1467,1467,1465
sq_55_52,1468,1468,1466
sq_55_53,1469,1469,1467
sq_55_54,1470,1470,1468
sq_55_61,1471,1471,1469
sq_55_62,1472,1472,1470
sq_55_63,1473,1473,1471
sq_55_64,1474,1474,1472
sq_55_65,1475,1475,1473
sq_55_66,1476,1476,1474
sq_55_67,1477,1477,1475
sq_56_25,1478,1478,1476
sq_56_26,1479,1479,1477
sq_56_27,1480,1480,1478
sq_56_31,1481,1481,1479
sq_56_43,1482,1482,1480
sq_56_44,1483,1483,1481
sq_56_45,1484,1484,1482
sq_56_46,1485,1485,1483
sq_56_48,1486,1486,1484
sq_56_50,1488,1488,1485
sq_56_52,1489,1489,1486
sq_56_53,1490,1490,1487
sq_56_54,1491,1491,1488
sq_56_62,1492,1492,1489
sq_56_63,1493,1493,1490
sq_56_64,1494,1494,1491
sq_56_65,1495,1495,1492
sq_56_66,1496,1496,1493
sq_56_67,1497,1497,1494
sq_56_68,1498,1498,1495
sq_57_26,1499,1499,1496
sq_57_27,1500,1500,1497
sq_57_28,1501,1501,1498
sq_57_30,1502,1502,1499
sq_57_31,1503,1503,1500
sq_57_45,1504,1504,1501
sq_57_46,1505,1505,1502
sq_57_47,1506,1506,1503
sq_57_48,1507,1507,1504
sq_57_49,1508,1508,1505
sq_57_50,1509,1509,1506
sq_57_53,1510,1510,1507
sq_57_54,1511,1511,1508
sq_57_64,1512,1512,1509
sq_57_65,1513,1513,1510
sq_57_67,1514,1514,1511
sq_57_68,1515,1515,1512
sq_57_69,1516,1516,1513
sq_57_70,1517,1517,1514
sq_58_27,1518,1518,1515
sq_58_28,1519,1519,1516
sq_58_29,1520,1520,1517
sq_58_30,1521,1521,1518
sq_58_45,1522,1522,1519
sq_58_46,1523,1523,1520
sq_58_54,1524,1524,1521
sq_58_55,1525,1525,1522
sq_58_64,1526,1526,1523
sq_58_65,1527,1527,1524
sq_58_66,1528,1528,1525
sq_58_67,1529,1529,1526
sq_58_68,1530,1530,1527
sq_58_70,1531,1531,1528
sq_58_71,1532,1532,1529
sq_58_72,1533,1533,1530
sq_58_73,1534,1534,1531
sq_58_74,1535,1535,1532
sq_59_27,1536,1536,1533
sq_59_28,1537,1537,1534
sq_59_29,1538,1538,1535
sq_59_30,1539,1539,1536
sq_59_31,1540,1540,1537
sq_59_32,1541,1541,1538
sq_59_33,1542,1542,1539
sq_59_45,1543,1543,1540
sq_59_46,1544,1544,1541
sq_59_55,1545,1545,1542
sq_59_64,1546,1546,1543
sq_5_10,1547,1547,1544
sq_5_11,1548,1548,1545
sq_5_12,1549,1549,1546
sq_5_14,1550,1550,1547
sq_5_15,1551,1551,1548
sq_5_16,1552,1552,1549
sq_5_17,1553,1553,1550
sq_5_19,1554,1554,1551
sq_5_30,1555,1555,1552
sq_5_31,1556,1556,1553
sq_5_32,1557,1557,1554
sq_5_33,1558,1558,1555
sq_5_34,1559,1559,1556
sq_5_35,1560,1560,1557
sq_5_36,1561,1561,1558
sq_5_37,1562,1562,1559
sq_5_38,1563,1563,1560
sq_5_39,1564,1564,1561
sq_60_30,1565,1565,1562
sq_60_31,1566,1566,1563
sq_60_33,1567,1567,1564
sq_60_34,1568,1568,1565
sq_60_35,1569,1569,1566
sq_60_36,1570,1570,1567
sq_60_37,1571,1571,1568
sq_60_38,1572,1572,1569
sq_60_39,1573,1573,1570
sq_60_40,1574,1574,1571
sq_60_41,1575,1575,1572
sq_60_42,1576,1576,1573
sq_60_43,1577,1577,1574
sq_60_44,1578,1578,1575
sq_60_45,1579,1579,1576
sq_60_55,1580,1580,1577
sq_60_64,1581,1581,1578
sq_61_34,1582,1582,1579
sq_61_35,1583,1583,1580
sq_61_40,1584,1584,1581
sq_61_41,1585,1585,1582
sq_61_43,1586,1586,1583
sq_61_44,1587,1587,1584
sq_61_45,1588,1588,1585
sq_61_55,1589,1589,1586
sq_62_43,1590,1590,1587
sq_62_44,1591,1591,1588
sq_62_45,1592,1592,1589
sq_62_54,1593,1593,1590
sq_62_55,1594,1594,1591
sq_63_45,1595,1595,1592
sq_63_46,1596,1596,1593
sq_63_53,1597,1597,1594
sq_63_54,1598,1598,1595
sq_63_55,1599,1599,1596
sq_64_46,1600,1600,1597
sq_64_47,1601,1601,1598
sq_64_48,1602,1602,1599
sq_64_51,1603,1603,1600
sq_64_52,1604,1604,1601
sq_64_53,1605,1605,1602
sq_64_54,1606,1606,1603
sq_64_55,1607,1607,1604
sq_65_48,1608,1608,1605
sq_65_49,1609,1609,1606
sq_65_50,1610,1610,1607
sq_65_51,1611,1611,1608
sq_65_52,1612,1612,1609
sq_65_53,1613,1613,1610
sq_66_48,1614,1614,1611
sq_66_49,1615,1615,1612
sq_66_51,1616,1616,1613
sq_67_47,1617,1617,1614
sq_67_48,1618,1618,1615
sq_67_51,1619,1619,1616
sq_68_46,1621,1621,1617
sq_68_47,1622,1622,1618
sq_69_45,1624,1624,1619
sq_6_10,1625,1625,1620
sq_6_11,1626,1626,1621
sq_6_12,1627,1627,1622
sq_6_16,1628,1628,1623
sq_6_17,1629,1629,1624
sq_6_19,1630,1630,1625
sq_6_20,1631,1631,1626
sq_6_22,1632,1632,1627
sq_6_25,1633,1633,1628
sq_6_26,1634,1634,1629
sq_6_29,1635,1635,1630
sq_6_30,1636,1636,1631
sq_6_31,1637,1637,1632
sq_6_33,1638,1638,1633
sq_6_35,1639,1639,1634
sq_6_37,1640,1640,1635
sq_6_38,1641,1641,1636
sq_70_40,1642,1642,1637
sq_70_41,1643,1643,1638
sq_70_42,1644,1644,1639
sq_70_43,1645,1645,1640
sq_70_44,1646,1646,1641
sq_70_45,1647,1647,1642
sq_71_39,1648,1648,1643
sq_71_40,1649,1649,1644
sq_71_43,1650,1650,1645
sq_71_44,1651,1651,1646
sq_72_39,1652,1652,1647
sq_72_41,1653,1653,1648
sq_72_42,1654,1654,1649
sq_72_43,1655,1655,1650
sq_72_44,1656,1656,1651
sq_73_39,1657,1657,1652
sq_73_40,1658,1658,1653
sq_73_41,1659,1659,1654
sq_73_44,1660,1660,1655
sq_74_44,1661,1661,1656
sq_75_44,1662,1662,1657
sq_76_44,1663,1663,1658
sq_76_45,1664,1664,1659
sq_77_45,1665,1665,1660
sq_78_44,1666,1666,1661
sq_7_10,1668,1668,1662
sq_7_12,1669,1669,1663
sq_7_13,1670,1670,1664
sq_7_14,1671,1671,1665
sq_7_15,1672,1672,1666
sq_7_16,1673,1673,1667
sq_7_17,1674,1674,1668
sq_7_18,1675,1675,1669
sq_7_19,1676,1676,1670
sq_7_20,1677,1677,1671
sq_7_21,1678,1678,1672
sq_7_22,1679,1679,1673
sq_7_23,1680,1680,1674
sq_7_24,1681,1681,1675
sq_7_25,1682,1682,1676
sq_7_26,1683,1683,1677
sq_7_27,1684,1684,1678
sq_7_28,1685,1685,1679
sq_7_29,1686,1686,1680
sq_7_30,1687,1687,1681
sq_7_31,1688,1688,1682
sq_7_32,1689,1689,1683
sq_7_33,1690,1690,1684
sq_7_34,1691,1691,1685
sq_7_35,1692,1692,1686
sq_7_36,1693,1693,1687
sq_7_37,1694,1694,1688
sq_7_38,1695,1695,1689
sq_7_39,1696,1696,1690
sq_7_47,1697,1697,1691
sq_7_9,1698,1698,1692
sq_8_13,1699,1699,1693
sq_8_14,1700,1700,1694
sq_8_15,1701,1701,1695
sq_8_16,1702,1702,1696
sq_8_17,1703,1703,1697
sq_8_18,1704,1704,1698
sq_8_20,1705,1705,1699
sq_8_21,1706,1706,1700
sq_8_22,1707,1707,1701
sq_8_23,1708,1708,1702
sq_8_25,1709,1709,1703
sq_8_26,1710,1710,1704
sq_8_27,1711,1711,1705
sq_8_28,1712,1712,1706
sq_8_29,1713,1713,1707
sq_8_31,1714,1714,1708
sq_8_33,1715,1715,1709
sq_8_34,1716,1716,1710
sq_8_35,1717,1717,1711
sq_8_36,1718,1718,1712
sq_8_37,1719,1719,1713
sq_8_38,1720,1720,1714
sq_8_39,1721,1721,1715
sq_8_44,1722,1722,1716
sq_8_45,1723,1723,1717
sq_8_46,1724,1724,1718
sq_8_47,1725,1725,1719
sq_8_48,1726,1726,1720
sq_8_50,1727,1727,1721
sq_8_51,1728,1728,1722
sq_8_8,1729,1729,1723
sq_8_9,1730,1730,1724
sq_9_14,1731,1731,1725
sq_9_15,1732,1732,1726
sq_9_16,1733,1733,1727
sq_9_18,1734,1734,1728
sq_9_20,1735,1735,1729
sq_9_22,1736,1736,1730
sq_9_23,1737,1737,1731
sq_9_24,1738,1738,1732
sq_9_25,1739,1739,1733
sq_9_26,1740,1740,1734
sq_9_27,1741,1741,1735
sq_9_28,1742,1742,1736
sq_9_29,1743,1743,1737
sq_9_30,1744,1744,1738
sq_9_31,1745,1745,1739
sq_9_32,1746,1746,1740
sq_9_33,1747,1747,1741
sq_9_36,1748,1748,1742
sq_9_39,1749,1749,1743
sq_9_40,1750,1750,1744
sq_9_41,1751,1751,1745
sq_9_42,1752,1752,1746
sq_9_43,1753,1753,1747
sq_9_44,1754,1754,1748
sq_9_45,1755,1755,1749
sq_9_46,1756,1756,1750
sq_9_47,1757,1757,1751
sq_9_48,1758,1758,1752
sq_9_49,1759,1759,1753
sq_9_50,1760,1760,1754
sq_9_51,1761,1761,1755
sq_9_7,1762,1762,1756
sq_9_8,1763,1763,1757
sq_9_9,1764,1764,1758
sq_18_49,1765,1765,1759
sq_18_55,1766,1766,1760
sq_25_20,1767,1767,1761
sq_27_27,1768,1768,1762
sq_46_59,1769,1769,1763
sq_48_36,1770,1770,1764
sq_53_67,1771,1771,1765
sq_54_60,1772,1772,1766
sq_4_35,1773,1773,1767
sq_8_49,1774,1774,1768
sq_7_50,1775,1775,1769
sq_0_33,1776,1776,1770
sq_0_34,1777,1777,1771
sq_0_35,1778,1778,1772
sq_0_36,1779,1779,1773
sq_0_37,1780,1780,1774
sq_10_11,1781,1781,1775
sq_10_12,1782,1782,1776
sq_10_13,1783,1783,1777
sq_10_14,1784,1784,1778
sq_10_15,1785,1785,1779
sq_10_2,1786,1786,1780
sq_10_3,1787,1787,1781
sq_10_38,1788,1788,1782
sq_10_4,1789,1789,1783
sq_10_49,1790,1790,1784
sq_10_52,1791,1791,1785
sq_10_53,1792,1792,1786
sq_10_6,1793,1793,1787
sq_10_7,1794,1794,1788
sq_11_10,1795,1795,1789
sq_11_11,1796,1796,1790
sq_11_13,1797,1797,1791
sq_11_14,1798,1798,1792
sq_11_15,1799,1799,1793
sq_11_16,1800,1800,1794
sq_11_17,1801,1801,1795
sq_11_28,1802,1802,1796
sq_11_3,1803,1803,1797
sq_11_34,1804,1804,1798
sq_11_55,1805,1805,1799
sq_11_6,1806,1806,1800
sq_11_8,1807,1807,1801
sq_11_9,1808,1808,1802
sq_12_11,1809,1809,1803
sq_12_12,1810,1810,1804
sq_12_15,1811,1811,1805
sq_12_16,1812,1812,1806
sq_12_17,1813,1813,1807
sq_12_18,1814,1814,1808
sq_12_19,1815,1815,1809
sq_12_2,1816,1816,1810
sq_12_24,1817,1817,1811
sq_12_37,1818,1818,1812
sq_12_38,1819,1819,1813
sq_12_4,1820,1820,1814
sq_12_49,1821,1821,1815
sq_12_5,1822,1822,1816
sq_12_6,1823,1823,1817
sq_12_7,1824,1824,1818
sq_12_8,1825,1825,1819
sq_13_13,1826,1826,1820
sq_13_15,1827,1827,1821
sq_13_16,1828,1828,1822
sq_13_18,1829,1829,1823
sq_13_19,1830,1830,1824
sq_13_3,1831,1831,1825
sq_13_4,1832,1832,1826
sq_13_40,1833,1833,1827
sq_13_5,1834,1834,1828
sq_13_6,1835,1835,1829
sq_13_7,1836,1836,1830
sq_14_13,1837,1837,1831
sq_14_14,1838,1838,1832
sq_14_17,1839,1839,1833
sq_14_18,1840,1840,1834
sq_14_3,1841,1841,1835
sq_14_4,1842,1842,1836
sq_14_49,1843,1843,1837
sq_14_5,1844,1844,1838
sq_14_55,1845,1845,1839
sq_14_6,1846,1846,1840
sq_15_14,1847,1847,1841
sq_15_15,1848,1848,1842
sq_15_16,1849,1849,1843
sq_15_19,1850,1850,1844
sq_15_4,1851,1851,1845
sq_15_55,1852,1852,1846
sq_16_10,1853,1853,1847
sq_16_11,1854,1854,1848
sq_16_14,1855,1855,1849
sq_16_15,1856,1856,1850
sq_16_16,1857,1857,1851
sq_16_17,1858,1858,1852
sq_16_18,1859,1859,1853
sq_16_19,1860,1860,1854
sq_16_43,1861,1861,1855
sq_16_44,1862,1862,1856
sq_16_49,1863,1863,1857
sq_16_53,1864,1864,1858
sq_16_7,1865,1865,1859
sq_17_10,1866,1866,1860
sq_17_19,1867,1867,1861
sq_17_30,1868,1868,1862
sq_17_46,1869,1869,1863
sq_17_5,1870,1870,1864
sq_17_6,1871,1871,1865
sq_17_9,1872,1872,1866
sq_18_10,1873,1873,1867
sq_18_11,1874,1874,1868
sq_18_12,1875,1875,1869
sq_18_23,1876,1876,1870
sq_18_24,1877,1877,1871
sq_18_51,1878,1878,1872
sq_18_53,1879,1879,1873
sq_18_6,1880,1880,1874
sq_18_7,1881,1881,1875
sq_18_8,1882,1882,1876
sq_18_9,1883,1883,1877
sq_19_10,1884,1884,1878
sq_19_11,1885,1885,1879
sq_19_15,1886,1886,1880
sq_19_17,1887,1887,1881
sq_19_18,1888,1888,1882
sq_19_19,1889,1889,1883
sq_19_22,1890,1890,1884
sq_19_23,1891,1891,1885
sq_19_24,1892,1892,1886
sq_19_4,1893,1893,1887
sq_19_5,1894,1894,1888
sq_19_54,1895,1895,1889
sq_19_55,1896,1896,1890
sq_19_7,1897,1897,1891
sq_19_8,1898,1898,1892
sq_19_9,1899,1899,1893
sq_1_34,1900,1900,1894
sq_1_35,1901,1901,1895
sq_1_36,1902,1902,1896
sq_1_37,1903,1903,1897
sq_20_10,1904,1904,1898
sq_20_11,1905,1905,1899
sq_20_12,1906,1906,1900
sq_20_14,1907,1907,1901
sq_20_17,1908,1908,1902
sq_20_5,1909,1909,1903
sq_20_6,1910,1910,1904
sq_20_7,1911,1911,1905
sq_20_9,1912,1912,1906
sq_21_10,1913,1913,1907
sq_21_11,1914,1914,1908
sq_21_12,1915,1915,1909
sq_21_13,1916,1916,1910
sq_21_14,1917,1917,1911
sq_21_15,1918,1918,1912
sq_21_17,1919,1919,1913
sq_21_21,1920,1920,1914
sq_21_22,1921,1921,1915
sq_21_4,1922,1922,1916
sq_21_5,1923,1923,1917
sq_21_8,1924,1924,1918
sq_22_13,1925,1925,1919
sq_22_14,1926,1926,1920
sq_22_21,1927,1927,1921
sq_22_22,1928,1928,1922
sq_22_23,1929,1929,1923
sq_22_24,1930,1930,1924
sq_22_5,1931,1931,1925
sq_22_6,1932,1932,1926
sq_22_7,1933,1933,1927
sq_22_8,1934,1934,1928
sq_22_9,1935,1935,1929
sq_23_10,1936,1936,1930
sq_23_15,1937,1937,1931
sq_23_16,1938,1938,1932
sq_23_2,1939,1939,1933
sq_23_20,1940,1940,1934
sq_23_21,1941,1941,1935
sq_23_22,1942,1942,1936
sq_23_23,1943,1943,1937
sq_23_24,1944,1944,1938
sq_23_8,1945,1945,1939
sq_23_9,1946,1946,1940
sq_24_10,1947,1947,1941
sq_24_11,1948,1948,1942
sq_24_13,1949,1949,1943
sq_24_14,1950,1950,1944
sq_24_15,1951,1951,1945
sq_24_16,1952,1952,1946
sq_24_17,1953,1953,1947
sq_24_18,1954,1954,1948
sq_24_19,1955,1955,1949
sq_24_20,1956,1956,1950
sq_24_21,1957,1957,1951
sq_24_22,1958,1958,1952
sq_24_24,1959,1959,1953
sq_24_27,1960,1960,1954
sq_25_18,1961,1961,1955
sq_25_19,1962,1962,1956
sq_25_26,1963,1963,1957
sq_25_27,1964,1964,1958
sq_25_28,1965,1965,1959
sq_25_3,1966,1966,1960
sq_25_47,1967,1967,1961
sq_25_5,1968,1968,1962
sq_25_6,1969,1969,1963
sq_26_10,1970,1970,1964
sq_26_14,1971,1971,1965
sq_26_2,1972,1972,1966
sq_26_26,1973,1973,1967
sq_26_27,1974,1974,1968
sq_26_41,1975,1975,1969
sq_26_5,1976,1976,1970
sq_26_8,1977,1977,1971
sq_27_10,1978,1978,1972
sq_27_11,1979,1979,1973
sq_27_12,1980,1980,1974
sq_27_23,1981,1981,1975
sq_27_28,1982,1982,1976
sq_27_29,1983,1983,1977
sq_27_44,1984,1984,1978
sq_27_5,1985,1985,1979
sq_27_6,1986,1986,1980
sq_27_7,1987,1987,1981
sq_28_10,1988,1988,1982
sq_28_12,1989,1989,1983
sq_28_13,1990,1990,1984
sq_28_14,1991,1991,1985
sq_28_2,1992,1992,1986
sq_28_20,1993,1993,1987
sq_28_21,1994,1994,1988
sq_28_22,1995,1995,1989
sq_28_23,1996,1996,1990
sq_28_26,1997,1997,1991
sq_28_27,1998,1998,1992
sq_28_3,1999,1999,1993
sq_28_39,2000,2000,1994
sq_28_5,2001,2001,1995
sq_28_59,2002,2002,1996
sq_29_10,2003,2003,1997
sq_29_12,2004,2004,1998
sq_29_13,2005,2005,1999
sq_29_14,2006,2006,2000
sq_29_15,2007,2007,2001
sq_29_2,2008,2008,2002
sq_29_20,2009,2009,2003
sq_29_22,2010,2010,2004
sq_29_23,2011,2011,2005
sq_29_24,2012,2012,2006
sq_29_3,2013,2013,2007
sq_29_52,2014,2014,2008
sq_29_53,2015,2015,2009
sq_29_54,2016,2016,2010
sq_29_57,2017,2017,2011
sq_29_60,2018,2018,2012
sq_29_8,2019,2019,2013
sq_29_9,2020,2020,2014
sq_2_34,2021,2021,2015
sq_2_35,2022,2022,2016
sq_2_36,2023,2023,2017
sq_2_37,2024,2024,2018
sq_30_10,2025,2025,2019
sq_30_11,2026,2026,2020
sq_30_12,2027,2027,2021
sq_30_21,2028,2028,2022
sq_30_22,2029,2029,2023
sq_30_23,2030,2030,2024
sq_30_24,2031,2031,2025
sq_30_25,2032,2032,2026
sq_30_35,2033,2033,2027
sq_30_63,2034,2034,2028
sq_30_64,2035,2035,2029
sq_30_65,2036,2036,2030
sq_31_10,2037,2037,2031
sq_31_11,2038,2038,2032
sq_31_12,2039,2039,2033
sq_31_21,2040,2040,2034
sq_31_24,2041,2041,2035
sq_31_25,2042,2042,2036
sq_31_30,2043,2043,2037
sq_31_57,2044,2044,2038
sq_31_63,2045,2045,2039
sq_31_65,2046,2046,2040
sq_31_66,2047,2047,2041
sq_32_18,2048,2048,2042
sq_32_21,2049,2049,2043
sq_32_22,2050,2050,2044
sq_32_23,2051,2051,2045
sq_32_24,2052,2052,2046
sq_32_25,2053,2053,2047
sq_32_57,2054,2054,2048
sq_32_58,2055,2055,2049
sq_32_66,2056,2056,2050
sq_33_14,2057,2057,2051
sq_33_15,2058,2058,2052
sq_33_24,2059,2059,2053
sq_33_25,2060,2060,2054
sq_33_32,2061,2061,2055
sq_33_37,2062,2062,2056
sq_33_54,2063,2063,2057
sq_33_69,2064,2064,2058
sq_34_20,2065,2065,2059
sq_34_21,2066,2066,2060
sq_34_24,2067,2067,2061
sq_34_25,2068,2068,2062
sq_34_34,2069,2069,2063
sq_34_37,2070,2070,2064
sq_34_42,2071,2071,2065
sq_34_58,2072,2072,2066
sq_34_69,2073,2073,2067
sq_34_70,2074,2074,2068
sq_34_71,2075,2075,2069
sq_35_17,2076,2076,2070
sq_35_18,2077,2077,2071
sq_35_19,2078,2078,2072
sq_35_22,2079,2079,2073
sq_36_17,2080,2080,2074
sq_36_19,2081,2081,2075
sq_36_21,2082,2082,2076
sq_36_22,2083,2083,2077
sq_36_43,2084,2084,2078
sq_37_17,2085,2085,2079
sq_37_21,2086,2086,2080
sq_37_22,2087,2087,2081
sq_37_52,2088,2088,2082
sq_37_55,2089,2089,2083
sq_37_56,2090,2090,2084
sq_37_57,2091,2091,2085
sq_37_58,2092,2092,2086
sq_37_60,2093,2093,2087
sq_37_61,2094,2094,2088
sq_37_64,2095,2095,2089
sq_37_67,2096,2096,2090
sq_37_68,2097,2097,2091
sq_37_71,2098,2098,2092
sq_37_72,2099,2099,2093
sq_38_20,2100,2100,2094
sq_38_32,2101,2101,2095
sq_38_33,2102,2102,2096
sq_38_34,2103,2103,2097
sq_38_37,2104,2104,2098
sq_38_56,2105,2105,2099
sq_38_57,2106,2106,2100
sq_38_58,2107,2107,2101
sq_38_60,2108,2108,2102
sq_38_61,2109,2109,2103
sq_38_62,2110,2110,2104
sq_38_64,2111,2111,2105
sq_38_66,2112,2112,2106
sq_38_67,2113,2113,2107
sq_38_68,2114,2114,2108
sq_38_70,2115,2115,2109
sq_39_21,2116,2116,2110
sq_39_23,2117,2117,2111
sq_39_24,2118,2118,2112
sq_39_27,2119,2119,2113
sq_39_28,2120,2120,2114
sq_39_32,2121,2121,2115
sq_39_33,2122,2122,2116
sq_39_34,2123,2123,2117
sq_39_35,2124,2124,2118
sq_39_37,2125,2125,2119
sq_39_39,2126,2126,2120
sq_39_49,2127,2127,2121
sq_39_54,2128,2128,2122
sq_39_56,2129,2129,2123
sq_39_57,2130,2130,2124
sq_39_60,2131,2131,2125
sq_39_61,2132,2132,2126
sq_39_62,2133,2133,2127
sq_39_64,2134,2134,2128
sq_39_65,2135,2135,2129
sq_39_67,2136,2136,2130
sq_39_70,2137,2137,2131
sq_3_12,2138,2138,2132
sq_3_13,2139,2139,2133
sq_3_14,2140,2140,2134
sq_3_34,2141,2141,2135
sq_3_35,2142,2142,2136
sq_3_36,2143,2143,2137
sq_3_37,2144,2144,2138
sq_40_21,2145,2145,2139
sq_40_22,2146,2146,2140
sq_40_23,2147,2147,2141
sq_40_26,2148,2148,2142
sq_40_28,2149,2149,2143
sq_40_32,2150,2150,2144
sq_40_37,2151,2151,2145
sq_40_39,2152,2152,2146
sq_40_40,2153,2153,2147
sq_40_52,2154,2154,2148
sq_40_53,2155,2155,2149
sq_40_59,2156,2156,2150
sq_40_60,2157,2157,2151
sq_40_61,2158,2158,2152
sq_40_62,2159,2159,2153
sq_40_64,2160,2160,2154
sq_40_65,2161,2161,2155
sq_40_66,2162,2162,2156
sq_40_67,2163,2163,2157
sq_40_68,2164,2164,2158
sq_40_70,2165,2165,2159
sq_41_19,2166,2166,2160
sq_41_20,2167,2167,2161
sq_41_21,2168,2168,2162
sq_41_22,2169,2169,2163
sq_41_27,2170,2170,2164
sq_41_32,2171,2171,2165
sq_41_35,2172,2172,2166
sq_41_37,2173,2173,2167
sq_41_38,2174,2174,2168
sq_41_39,2175,2175,2169
sq_41_47,2176,2176,2170
sq_41_50,2177,2177,2171
sq_41_55,2178,2178,2172
sq_41_56,2179,2179,2173
sq_41_58,2180,2180,2174
sq_41_60,2181,2181,2175
sq_41_61,2182,2182,2176
sq_41_62,2183,2183,2177
sq_41_64,2184,2184,2178
sq_41_65,2185,2185,2179
sq_41_67,2186,2186,2180
sq_41_68,2187,2187,2181
sq_42_19,2188,2188,2182
sq_42_24,2189,2189,2183
sq_42_25,2190,2190,2184
sq_42_29,2191,2191,2185
sq_42_30,2192,2192,2186
sq_42_33,2193,2193,2187
sq_42_35,2194,2194,2188
sq_42_36,2195,2195,2189
sq_42_43,2196,2196,2190
sq_42_55,2197,2197,2191
sq_42_56,2198,2198,2192
sq_42_58,2199,2199,2193
sq_42_59,2200,2200,2194
sq_42_60,2201,2201,2195
sq_42_61,2202,2202,2196
sq_42_62,2203,2203,2197
sq_42_64,2204,2204,2198
sq_42_66,2205,2205,2199
sq_42_67,2206,2206,2200
sq_42_68,2207,2207,2201
sq_43_18,2208,2208,2202
sq_43_19,2209,2209,2203
sq_43_23,2210,2210,2204
sq_43_27,2211,2211,2205
sq_43_28,2212,2212,2206
sq_43_29,2213,2213,2207
sq_43_30,2214,2214,2208
sq_43_31,2215,2215,2209
sq_43_41,2216,2216,2210
sq_43_47,2217,2217,2211
sq_43_54,2218,2218,2212
sq_43_55,2219,2219,2213
sq_43_56,2220,2220,2214
sq_43_59,2221,2221,2215
sq_43_60,2222,2222,2216
sq_43_62,2223,2223,2217
sq_43_64,2224,2224,2218
sq_43_66,2225,2225,2219
sq_44_21,2226,2226,2220
sq_44_22,2227,2227,2221
sq_44_29,2228,2228,2222
sq_44_31,2229,2229,2223
sq_44_40,2230,2230,2224
sq_44_54,2231,2231,2225
sq_44_55,2232,2232,2226
sq_44_62,2233,2233,2227
sq_44_65,2234,2234,2228
sq_44_66,2235,2235,2229
sq_44_67,2236,2236,2230
sq_45_15,2237,2237,2231
sq_45_16,2238,2238,2232
sq_45_21,2239,2239,2233
sq_45_26,2240,2240,2234
sq_45_27,2241,2241,2235
sq_45_28,2242,2242,2236
sq_45_29,2243,2243,2237
sq_45_33,2244,2244,2238
sq_45_37,2245,2245,2239
sq_45_40,2246,2246,2240
sq_45_43,2247,2247,2241
sq_45_63,2248,2248,2242
sq_45_65,2249,2249,2243
sq_45_66,2250,2250,2244
sq_46_15,2251,2251,2245
sq_46_16,2252,2252,2246
sq_46_21,2253,2253,2247
sq_46_22,2254,2254,2248
sq_46_25,2255,2255,2249
sq_46_27,2256,2256,2250
sq_46_28,2257,2257,2251
sq_46_29,2258,2258,2252
sq_46_32,2259,2259,2253
sq_46_33,2260,2260,2254
sq_46_43,2261,2261,2255
sq_46_44,2262,2262,2256
sq_46_45,2263,2263,2257
sq_46_49,2264,2264,2258
sq_46_50,2265,2265,2259
sq_46_51,2266,2266,2260
sq_46_61,2267,2267,2261
sq_46_65,2268,2268,2262
sq_46_66,2269,2269,2263
sq_46_67,2270,2270,2264
sq_47_16,2271,2271,2265
sq_47_25,2272,2272,2266
sq_47_28,2273,2273,2267
sq_47_32,2274,2274,2268
sq_47_33,2275,2275,2269
sq_47_34,2276,2276,2270
sq_47_35,2277,2277,2271
sq_47_36,2278,2278,2272
sq_47_39,2279,2279,2273
sq_47_42,2280,2280,2274
sq_47_43,2281,2281,2275
sq_47_44,2282,2282,2276
sq_47_45,2283,2283,2277
sq_47_49,2284,2284,2278
sq_47_50,2285,2285,2279
sq_47_51,2286,2286,2280
sq_47_53,2287,2287,2281
sq_47_54,2288,2288,2282
sq_47_55,2289,2289,2283
sq_47_57,2290,2290,2284
sq_47_60,2291,2291,2285
sq_47_61,2292,2292,2286
sq_47_62,2293,2293,2287
sq_47_63,2294,2294,2288
sq_48_15,2295,2295,2289
sq_48_18,2296,2296,2290
sq_48_23,2297,2297,2291
sq_48_28,2298,2298,2292
sq_48_30,2299,2299,2293
sq_48_31,2300,2300,2294
sq_48_33,2301,2301,2295
sq_48_38,2302,2302,2296
sq_48_39,2303,2303,2297
sq_48_40,2304,2304,2298
sq_48_41,2305,2305,2299
sq_48_42,2306,2306,2300
sq_48_43,2307,2307,2301
sq_48_44,2308,2308,2302
sq_48_48,2309,2309,2303
sq_48_49,2310,2310,2304
sq_48_50,2311,2311,2305
sq_48_51,2312,2312,2306
sq_48_53,2313,2313,2307
sq_48_54,2314,2314,2308
sq_48_55,2315,2315,2309
sq_48_57,2316,2316,2310
sq_48_60,2317,2317,2311
sq_48_61,2318,2318,2312
sq_48_62,2319,2319,2313
sq_48_64,2320,2320,2314
sq_48_66,2321,2321,2315
sq_48_67,2322,2322,2316
sq_49_13,2323,2323,2317
sq_49_17,2324,2324,2318
sq_49_18,2325,2325,2319
sq_49_19,2326,2326,2320
sq_49_22,2327,2327,2321
sq_49_23,2328,2328,2322
sq_49_24,2329,2329,2323
sq_49_26,2330,2330,2324
sq_49_27,2331,2331,2325
sq_49_31,2332,2332,2326
sq_49_32,2333,2333,2327
sq_49_33,2334,2334,2328
sq_49_34,2335,2335,2329
sq_49_36,2336,2336,2330
sq_49_38,2337,2337,2331
sq_49_39,2338,2338,2332
sq_49_40,2339,2339,2333
sq_49_41,2340,2340,2334
sq_49_43,2341,2341,2335
sq_49_44,2342,2342,2336
sq_49_46,2343,2343,2337
sq_49_48,2344,2344,2338
sq_49_49,2345,2345,2339
sq_49_51,2346,2346,2340
sq_49_57,2347,2347,2341
sq_49_58,2348,2348,2342
sq_49_61,2349,2349,2343
sq_49_62,2350,2350,2344
sq_49_63,2351,2351,2345
sq_49_64,2352,2352,2346
sq_4_11,2353,2353,2347
sq_4_15,2354,2354,2348
sq_4_16,2355,2355,2349
sq_4_32,2356,2356,2350
sq_4_34,2357,2357,2351
sq_4_36,2358,2358,2352
sq_4_37,2359,2359,2353
sq_4_38,2360,2360,2354
sq_4_39,2361,2361,2355
sq_50_14,2362,2362,2356
sq_50_18,2363,2363,2357
sq_50_19,2364,2364,2358
sq_50_27,2365,2365,2359
sq_50_31,2366,2366,2360
sq_50_34,2367,2367,2361
sq_50_39,2368,2368,2362
sq_50_42,2369,2369,2363
sq_50_43,2370,2370,2364
sq_50_44,2371,2371,2365
sq_50_49,2372,2372,2366
sq_50_50,2373,2373,2367
sq_50_53,2374,2374,2368
sq_50_55,2375,2375,2369
sq_50_61,2376,2376,2370
sq_50_63,2377,2377,2371
sq_50_66,2378,2378,2372
sq_51_13,2379,2379,2373
sq_51_14,2380,2380,2374
sq_51_19,2381,2381,2375
sq_51_21,2382,2382,2376
sq_51_29,2383,2383,2377
sq_51_30,2384,2384,2378
sq_51_32,2385,2385,2379
sq_51_39,2386,2386,2380
sq_51_42,2387,2387,2381
sq_51_43,2388,2388,2382
sq_51_59,2389,2389,2383
sq_52_13,2390,2390,2384
sq_52_28,2391,2391,2385
sq_52_29,2392,2392,2386
sq_52_30,2393,2393,2387
sq_52_31,2394,2394,2388
sq_52_32,2395,2395,2389
sq_52_34,2396,2396,2390
sq_52_35,2397,2397,2391
sq_52_42,2398,2398,2392
sq_52_43,2399,2399,2393
sq_52_60,2400,2400,2394
sq_52_61,2401,2401,2395
sq_53_14,2402,2402,2396
sq_53_17,2403,2403,2397
sq_53_21,2404,2404,2398
sq_53_26,2405,2405,2399
sq_53_29,2406,2406,2400
sq_53_37,2407,2407,2401
sq_53_42,2408,2408,2402
sq_53_49,2409,2409,2403
sq_53_52,2410,2410,2404
sq_53_54,2411,2411,2405
sq_53_55,2412,2412,2406
sq_53_58,2413,2413,2407
sq_53_59,2414,2414,2408
sq_53_61,2415,2415,2409
sq_54_22,2416,2416,2410
sq_54_23,2417,2417,2411
sq_54_24,2418,2418,2412
sq_54_31,2419,2419,2413
sq_54_32,2420,2420,2414
sq_54_33,2421,2421,2415
sq_54_35,2422,2422,2416
sq_54_36,2423,2423,2417
sq_54_37,2424,2424,2418
sq_54_38,2425,2425,2419
sq_54_43,2426,2426,2420
sq_54_44,2427,2427,2421
sq_54_45,2428,2428,2422
sq_54_53,2429,2429,2423
sq_54_59,2430,2430,2424
sq_54_62,2431,2431,2425
sq_54_65,2432,2432,2426
sq_54_66,2433,2433,2427
sq_54_67,2434,2434,2428
sq_54_68,2435,2435,2429
sq_55_23,2436,2436,2430
sq_55_24,2437,2437,2431
sq_55_26,2438,2438,2432
sq_55_34,2439,2439,2433
sq_55_35,2440,2440,2434
sq_55_37,2441,2441,2435
sq_55_38,2442,2442,2436
sq_55_39,2443,2443,2437
sq_55_41,2444,2444,2438
sq_55_45,2445,2445,2439
sq_55_55,2446,2446,2440
sq_55_56,2447,2447,2441
sq_55_57,2448,2448,2442
sq_55_58,2449,2449,2443
sq_55_59,2450,2450,2444
sq_55_60,2451,2451,2445
sq_55_68,2452,2452,2446
sq_55_69,2453,2453,2447
sq_55_70,2454,2454,2448
sq_55_71,2455,2455,2449
sq_56_28,2456,2456,2450
sq_56_37,2457,2457,2451
sq_56_39,2458,2458,2452
sq_56_51,2459,2459,2453
sq_56_55,2460,2460,2454
sq_56_57,2461,2461,2455
sq_56_58,2462,2462,2456
sq_56_59,2463,2463,2457
sq_56_60,2464,2464,2458
sq_56_61,2465,2465,2459
sq_56_69,2466,2466,2460
sq_56_70,2467,2467,2461
sq_56_71,2468,2468,2462
sq_57_25,2469,2469,2463
sq_57_33,2470,2470,2464
sq_57_39,2471,2471,2465
sq_57_40,2472,2472,2466
sq_57_41,2473,2473,2467
sq_57_42,2474,2474,2468
sq_57_43,2475,2475,2469
sq_57_44,2476,2476,2470
sq_57_51,2477,2477,2471
sq_57_52,2478,2478,2472
sq_57_56,2479,2479,2473
sq_57_57,2480,2480,2474
sq_57_58,2481,2481,2475
sq_57_59,2482,2482,2476
sq_57_60,2483,2483,2477
sq_57_61,2484,2484,2478
sq_57_62,2485,2485,2479
sq_57_71,2486,2486,2480
sq_57_72,2487,2487,2481
sq_57_74,2488,2488,2482
sq_58_39,2489,2489,2483
sq_58_40,2490,2490,2484
sq_58_41,2491,2491,2485
sq_58_42,2492,2492,2486
sq_58_47,2493,2493,2487
sq_58_48,2494,2494,2488
sq_58_49,2495,2495,2489
sq_58_51,2496,2496,2490
sq_58_52,2497,2497,2491
sq_58_53,2498,2498,2492
sq_58_58,2499,2499,2493
sq_58_60,2500,2500,2494
sq_58_61,2501,2501,2495
sq_58_62,2502,2502,2496
sq_58_63,2503,2503,2497
sq_58_69,2504,2504,2498
sq_58_75,2505,2505,2499
sq_58_76,2506,2506,2500
sq_59_37,2507,2507,2501
sq_59_39,2508,2508,2502
sq_59_41,2509,2509,2503
sq_59_47,2510,2510,2504
sq_59_52,2511,2511,2505
sq_59_53,2512,2512,2506
sq_59_54,2513,2513,2507
sq_59_57,2514,2514,2508
sq_59_58,2515,2515,2509
sq_59_63,2516,2516,2510
sq_59_65,2517,2517,2511
sq_59_66,2518,2518,2512
sq_59_68,2519,2519,2513
sq_59_71,2520,2520,2514
sq_59_72,2521,2521,2515
sq_59_73,2522,2522,2516
sq_59_74,2523,2523,2517
sq_59_75,2524,2524,2518
sq_5_13,2525,2525,2519
sq_5_40,2526,2526,2520
sq_60_28,2527,2527,2521
sq_60_32,2528,2528,2522
sq_60_46,2529,2529,2523
sq_60_47,2530,2530,2524
sq_60_56,2531,2531,2525
sq_60_57,2532,2532,2526
sq_60_63,2533,2533,2527
sq_60_65,2534,2534,2528
sq_61_30,2535,2535,2529
sq_61_31,2536,2536,2530
sq_61_38,2537,2537,2531
sq_61_42,2538,2538,2532
sq_61_51,2539,2539,2533
sq_61_52,2540,2540,2534
sq_62_30,2541,2541,2535
sq_62_31,2542,2542,2536
sq_62_34,2543,2543,2537
sq_62_38,2544,2544,2538
sq_62_39,2545,2545,2539
sq_62_41,2546,2546,2540
sq_62_50,2547,2547,2541
sq_62_51,2548,2548,2542
sq_62_52,2549,2549,2543
sq_62_53,2550,2550,2544
sq_63_31,2551,2551,2545
sq_63_34,2552,2552,2546
sq_63_35,2553,2553,2547
sq_63_36,2554,2554,2548
sq_63_37,2555,2555,2549
sq_63_38,2556,2556,2550
sq_63_41,2557,2557,2551
sq_63_42,2558,2558,2552
sq_63_43,2559,2559,2553
sq_63_44,2560,2560,2554
sq_63_47,2561,2561,2555
sq_63_48,2562,2562,2556
sq_63_49,2563,2563,2557
sq_64_34,2564,2564,2558
sq_64_40,2565,2565,2559
sq_64_41,2566,2566,2560
sq_64_42,2567,2567,2561
sq_64_43,2568,2568,2562
sq_64_49,2569,2569,2563
sq_65_39,2570,2570,2564
sq_65_40,2571,2571,2565
sq_65_43,2572,2572,2566
sq_65_46,2573,2573,2567
sq_65_47,2574,2574,2568
sq_66_38,2575,2575,2569
sq_66_39,2576,2576,2570
sq_66_41,2577,2577,2571
sq_66_42,2578,2578,2572
sq_66_43,2579,2579,2573
sq_66_50,2580,2580,2574
sq_66_52,2581,2581,2575
sq_67_37,2582,2582,2576
sq_67_38,2583,2583,2577
sq_67_39,2584,2584,2578
sq_67_41,2585,2585,2579
sq_67_42,2586,2586,2580
sq_67_44,2587,2587,2581
sq_67_45,2588,2588,2582
sq_67_49,2589,2589,2583
sq_67_52,2590,2590,2584
sq_68_36,2591,2591,2585
sq_68_37,2592,2592,2586
sq_68_41,2593,2593,2587
sq_68_44,2594,2594,2588
sq_68_49,2595,2595,2589
sq_69_35,2596,2596,2590
sq_69_36,2597,2597,2591
sq_69_41,2598,2598,2592
sq_69_47,2599,2599,2593
sq_6_14,2600,2600,2594
sq_6_15,2601,2601,2595
sq_6_18,2602,2602,2596
sq_6_21,2603,2603,2597
sq_6_23,2604,2604,2598
sq_6_24,2605,2605,2599
sq_6_27,2606,2606,2600
sq_6_32,2607,2607,2601
sq_6_34,2608,2608,2602
sq_6_36,2609,2609,2603
sq_6_39,2610,2610,2604
sq_6_40,2611,2611,2605
sq_70_35,2612,2612,2606
sq_70_37,2613,2613,2607
sq_70_46,2614,2614,2608
sq_71_34,2615,2615,2609
sq_71_35,2616,2616,2610
sq_71_46,2617,2617,2611
sq_73_43,2618,2618,2612
sq_73_45,2619,2619,2613
sq_74_42,2620,2620,2614
sq_7_11,2621,2621,2615
sq_7_40,2622,2622,2616
sq_7_41,2623,2623,2617
sq_7_44,2624,2624,2618
sq_7_45,2625,2625,2619
sq_7_46,2626,2626,2620
sq_8_10,2627,2627,2621
sq_8_11,2628,2628,2622
sq_8_12,2629,2629,2623
sq_8_19,2630,2630,2624
sq_8_24,2631,2631,2625
sq_8_30,2632,2632,2626
sq_8_32,2633,2633,2627
sq_8_40,2634,2634,2628
sq_8_41,2635,2635,2629
sq_8_42,2636,2636,2630
sq_8_43,2637,2637,2631
sq_8_52,2638,2638,2632
sq_8_6,2639,2639,2633
sq_9_10,2640,2640,2634
sq_9_11,2641,2641,2635
sq_9_12,2642,2642,2636
sq_9_13,2643,2643,2637
sq_9_17,2644,2644,2638
sq_9_19,2645,2645,2639
sq_9_21,2646,2646,2640
sq_9_34,2647,2647,2641
sq_9_35,2648,2648,2642
sq_9_37,2649,2649,2643
sq_9_38,2650,2650,2644
sq_9_4,2651,2651,2645
sq_9_5,2652,2652,2646
sq_9_6,2653,2653,2647
sq_12_3,2654,2654,2648
sq_20_15,2655,2655,2649
sq_20_16,2656,2656,2650
sq_12_13,2657,2657,2651
sq_13_55,2658,2658,2652
sq_15_11,2659,2659,2653
sq_14_15,2660,2660,2654
sq_17_12,2661,2661,2655
sq_20_8,2662,2662,2656
sq_25_2,2663,2663,2657
sq_22_20,2664,2664,2658
sq_39_38,2665,2665,2659
sq_25_12,2666,2666,2660
sq_26_4,2667,2667,2661
sq_26_9,2668,2668,2662
sq_24_23,2669,2669,2663
sq_23_13,2670,2670,2664
sq_28_7,2671,2671,2665
sq_28_8,2672,2672,2666
sq_21_51,2673,2673,2667
sq_18_5,2674,2674,2668
sq_23_11,2675,2675,2669
sq_50_48,2676,2676,2670
sq_17_56,2677,2677,2671
sq_27_50,2678,2678,2672
sq_25_13,2679,2679,2673
sq_42_21,2680,2680,2674
sq_28_6,2681,2681,2675
sq_27_2,2682,2682,2676
sq_29_19,2683,2683,2677
sq_28_53,2684,2684,2678
sq_31_64,2685,2685,2679
sq_39_66,2686,2686,2680
sq_33_13,2687,2687,2681
sq_38_22,2688,2688,2682
sq_37_19,2689,2689,2683
sq_38_69,2690,2690,2684
sq_39_68,2691,2691,2685
sq_40_33,2692,2692,2686
sq_38_23,2693,2693,2687
sq_42_37,2694,2694,2688
sq_40_27,2695,2695,2689
sq_41_66,2696,2696,2690
sq_40_69,2697,2697,2691
sq_68_39,2698,2698,2692
sq_43_61,2699,2699,2693
sq_43_38,2700,2700,2694
sq_44_24,2701,2701,2695
sq_52_17,2702,2702,2696
sq_53_48,2703,2703,2697
sq_56_47,2704,2704,2698
sq_58_56,2705,2705,2699
sq_58_57,2706,2706,2700
sq_59_48,2707,2707,2701
sq_45_22,2708,2708,2702
sq_44_28,2709,2709,2703
sq_52_12,2710,2710,2704
sq_49_60,2711,2711,2705
sq_49_50,2712,2712,2706
sq_49_66,2713,2713,2707
sq_51_16,2714,2714,2708
sq_54_14,2715,2715,2709
sq_50_37,2716,2716,2710
sq_54_50,2717,2717,2711
sq_53_50,2718,2718,2712
sq_53_65,2719,2719,2713
sq_55_36,2720,2720,2714
sq_57_63,2721,2721,2715
sq_57_73,2722,2722,2716
sq_59_61,2723,2723,2717
sq_59_38,2724,2724,2718
sq_60_62,2725,2725,2719
sq_62_42,2726,2726,2720
sq_62_47,2727,2727,2721
sq_66_45,2728,2728,2722
sq_69_46,2729,2729,2723
sq_6_13,2730,2730,2724
sq_73_38,2731,2731,2725
sq_16_9,2732,2732,2726
sq_7_42,2733,2733,2727
sq_9_52,2734,2734,2728
sq_8_5,2735,2735,2729
