grid_o,grid_d,i_raw,j_raw,tau_ij,tau_ji,tau_ff_ij,tau_ff_ji,lanes_ij,lanes_ji,lane_source_ij,lane_source_ji,xi_ij,xi_ji,len_ij,len_ji,asym_ratio,slow_dir,lanes_slow,lanes_fast,lane_source_slow,lane_source_fast,tau_slow_obs,tau_fast_obs,tau_slow_new,tau_fast_new,tbar_slow,tbar_fast,rank
sq_29_38,sq_30_38,-1,-1,6.28419407019172,158.18592061864064,6.251962112267604,92.5822415318076,3.1962200049621,3.1962200049621,raw_edgeproj_len_weighted,raw_edgeproj_len_weighted,3.2300779242775453,9.579839952400143,4175.685526055725,59347.125377169206,25.172029834179618,ji,3.1962200049621,3.1962200049621,raw_edgeproj_len_weighted,raw_edgeproj_len_weighted,158.18592061864064,6.28419407019172,138.50826626475057,7.5470020827136945,0.875604261890478,1.2009498749429055,1
sq_28_16,sq_28_17,-1,-1,90.94761435985956,4.021245856739743,84.66170157318061,3.7172689833994865,3.1962200049621,2.0,raw_edgeproj_len_weighted,fallback_2,3.7014767296279096,2.349536107542974,76922.62813985064,3382.785230820466,22.616775397462533,ij,3.1962200049621,2.0,raw_edgeproj_len_weighted,fallback_2,90.94761435985956,4.021245856739743,84.66170157318061,5.639794300726349,0.9308842476966247,1.402499250642401,2
sq_1_32,sq_1_33,-1,-1,123.84479874899006,6.665707596090271,98.13862017387336,4.185467273910755,3.196220004962099,3.1962200049621,raw_edgeproj_len_weighted,raw_edgeproj_len_weighted,5.1485079439051935,8.294319094358169,81416.99072805066,2691.1292174929713,18.57939265467187,ij,3.196220004962099,3.1962200049621,raw_edgeproj_len_weighted,raw_edgeproj_len_weighted,123.84479874899006,6.665707596090271,108.43903359758424,8.005180703930586,0.875604261890478,1.2009498749429055,3
sq_25_45,sq_26_45,-1,-1,7.168365882882268,117.2574605357432,7.114813252106031,108.70752314281852,3.1962200049621003,3.1962200049620977,raw_edgeproj_len_weighted,raw_edgeproj_len_weighted,3.245713236960274,3.732635012820164,4720.428344057772,69700.53133980055,16.357627728761543,ji,3.1962200049620977,3.1962200049621003,raw_edgeproj_len_weighted,raw_edgeproj_len_weighted,117.2574605357432,7.168365882882268,108.70752314281852,8.608848110592449,0.9270840648103713,1.2009498749429053,4
sq_27_35,sq_28_35,-1,-1,17.45563437042288,221.204439435987,10.004002624923096,95.42469942748625,3.1962200049621003,3.1962200049620986,raw_edgeproj_len_weighted,raw_edgeproj_len_weighted,10.001157598017791,17.900291529282633,7229.171506078224,60574.528723680574,12.67238043269281,ji,3.1962200049620986,3.1962200049621003,raw_edgeproj_len_weighted,raw_edgeproj_len_weighted,221.204439435987,17.45563437042288,193.68754991924433,20.96334191420844,0.8756042618904779,1.2009498749429053,5
sq_32_42,sq_32_43,-1,-1,5.653962216106386,68.98934462749823,5.505921502945807,51.335760573953934,3.1962200049621003,3.1962200049621003,raw_edgeproj_len_weighted,raw_edgeproj_len_weighted,3.374808526216528,5.856977945414529,3298.320275022191,32504.706350499673,12.201946527157356,ji,3.1962200049621003,3.1962200049621003,raw_edgeproj_len_weighted,raw_edgeproj_len_weighted,68.98934462749823,5.653962216106386,60.4073641808684,6.790125216364877,0.875604261890478,1.2009498749429055,6
sq_8_35,sq_8_36,-1,-1,83.12827356741563,7.081394918162836,65.5210740709748,6.701266292132708,3.196220004962099,3.1962200049621,raw_edgeproj_len_weighted,raw_edgeproj_len_weighted,5.205420658087282,3.5788129417949923,46055.5867044968,5644.053811317622,11.738968738235833,ij,3.196220004962099,3.1962200049621,raw_edgeproj_len_weighted,raw_edgeproj_len_weighted,83.12827356741563,7.081394918162836,72.78747061922671,8.504400341388985,0.8756042618904781,1.2009498749429055,7
sq_15_52,sq_16_52,-1,-1,82.26862310838366,7.756511115949244,79.61716323765161,7.179060310501865,3.1962200049621,3.1962200049621,raw_edgeproj_len_weighted,raw_edgeproj_len_weighted,3.41815252810633,3.7453007804145444,49186.216674255265,5651.337120719147,10.606395308223007,ij,3.1962200049621,3.1962200049621,raw_edgeproj_len_weighted,raw_edgeproj_len_weighted,82.26862310838366,7.756511115949244,79.61716323765161,9.315181054692498,0.9677707032091819,1.2009498749429053,8
sq_37_33,sq_37_34,-1,-1,4.525174720784612,41.36265530493721,4.426524028703524,36.30985791880478,3.1962200049621003,3.196220004962101,raw_edgeproj_len_weighted,raw_edgeproj_len_weighted,3.343893968409408,4.174334054307272,3308.482047488572,23037.715685960055,9.140565360924985,ji,3.196220004962101,3.1962200049621003,raw_edgeproj_len_weighted,raw_edgeproj_len_weighted,41.36265530493721,4.525174720784612,36.30985791880478,5.434508015021077,0.877841561454849,1.2009498749429055,9
sq_24_45,sq_24_46,-1,-1,6.100118062699433,54.82289029778246,5.661720766425736,48.02683145970021,3.1962200049620995,3.1962200049620995,raw_edgeproj_len_weighted,raw_edgeproj_len_weighted,3.7239959020814473,4.191982274155343,3518.6601682043065,26580.448890376643,8.987185122368295,ji,3.1962200049620995,3.1962200049620995,raw_edgeproj_len_weighted,raw_edgeproj_len_weighted,54.82289029778246,6.100118062699433,48.02683145970021,7.325936024535843,0.8760361082539069,1.2009498749429055,10
sq_28_41,sq_29_41,-1,-1,18.19743485987985,160.26329438911898,10.130741822281395,85.96380685796963,3.1962200049621003,3.1962200049620995,raw_edgeproj_len_weighted,raw_edgeproj_len_weighted,10.614131505422753,11.454541305227528,5422.146579401244,55579.67280563117,8.806916778279218,ji,3.1962200049620995,3.1962200049621003,raw_edgeproj_len_weighted,raw_edgeproj_len_weighted,160.26329438911898,18.19743485987985,140.3272235917209,21.85420711925437,0.8756042618904779,1.2009498749429053,11
sq_21_44,sq_21_45,-1,-1,3.060696354624987,26.72847024892315,3.2206035823909662,25.858908298941845,3.1962200049621003,3.1962200049620995,raw_edgeproj_len_weighted,raw_edgeproj_len_weighted,3.1962200049621003,3.420352939912088,3906.7264363835966,31688.23736639667,8.732806901453662,ji,3.1962200049620995,3.1962200049621003,raw_edgeproj_len_weighted,raw_edgeproj_len_weighted,26.72847024892315,3.060696354624987,25.858908298941845,3.8677834695131037,0.9674668268747503,1.2636939511064322,12
sq_24_42,sq_24_43,-1,-1,9.142017692386275,74.9483829962809,6.662736066751823,60.87625901090226,3.1962200049620995,3.1962200049621003,raw_edgeproj_len_weighted,raw_edgeproj_len_weighted,6.11184622590121,4.894484701182127,4381.088739981272,33667.61711509754,8.198232110040651,ji,3.1962200049621003,3.1962200049620995,raw_edgeproj_len_weighted,raw_edgeproj_len_weighted,74.9483829962809,9.142017692386275,65.62512357334339,10.979105004397127,0.875604261890478,1.2009498749429055,13
sq_8_46,sq_9_46,-1,-1,4.584048092705851,36.42628567620169,5.123160799035491,35.83364717044918,3.1962200049621,3.1962200049621012,raw_edgeproj_len_weighted,raw_edgeproj_len_weighted,3.1962200049621,3.305481814185161,3523.150082084815,24444.865210693803,7.946314030641014,ji,3.1962200049621012,3.1962200049621,raw_edgeproj_len_weighted,raw_edgeproj_len_weighted,36.42628567620169,4.584048092705851,35.83364717044918,6.152659320914067,0.9837304711487592,1.3421890862585395,14
sq_22_41,sq_23_41,-1,-1,33.97999489197714,5.186286975636719,16.736177460165557,5.031739010866175,3.1962200049620995,3.1962200049620995,raw_edgeproj_len_weighted,raw_edgeproj_len_weighted,13.642595017105418,3.40063243512514,14071.129718191482,3311.7553720897617,6.5518925295886525,ij,3.1962200049620995,3.1962200049620995,raw_edgeproj_len_weighted,raw_edgeproj_len_weighted,33.97999489197714,5.186286975636719,29.75302834643186,6.228470694808937,0.8756042618904781,1.2009498749429055,15
sq_32_31,sq_33_31,-1,-1,8.09812739464045,52.266207711068766,5.790795886973632,6.364219874890804,3.1962200049621,3.1962200049620995,raw_edgeproj_len_weighted,raw_edgeproj_len_weighted,6.354659649628912,239.09060716476813,3543.915235352547,3604.157057760831,6.454110334897904,ji,3.1962200049620995,3.1962200049621,raw_edgeproj_len_weighted,raw_edgeproj_len_weighted,52.266207711068766,8.09812739464045,45.76451422466477,9.725445081865164,0.8756042618904779,1.2009498749429053,16
sq_8_33,sq_9_33,-1,-1,7.712412732830999,49.59512040681386,3.978964563030225,38.39516606332241,3.1962200049620995,3.196220004962101,raw_edgeproj_len_weighted,raw_edgeproj_len_weighted,12.405448438020578,5.400431552055951,3106.2562023739315,29338.596687004236,6.430558390073213,ji,3.196220004962101,3.1962200049620995,raw_edgeproj_len_weighted,raw_edgeproj_len_weighted,49.59512040681386,7.712412732830999,43.42569879717764,9.262221107001459,0.875604261890478,1.2009498749429053,17
sq_23_32,sq_24_32,-1,-1,3.4312652756960027,21.854930390477765,3.1856901219431784,16.557296366017894,3.1962200049621,3.1962200049621,raw_edgeproj_len_weighted,raw_edgeproj_len_weighted,3.7215537974996136,5.6452847942061055,3472.8922568044313,11547.042216533318,6.3693502642533755,ji,3.1962200049621,3.1962200049621,raw_edgeproj_len_weighted,raw_edgeproj_len_weighted,21.854930390477765,3.4312652756960027,19.13627019322206,4.120777603743048,0.875604261890478,1.2009498749429053,18
sq_27_49,sq_28_49,-1,-1,28.64460113159061,4.500395668834297,28.582510504470736,4.39820867607096,3.1962200049621003,3.1962200049621,raw_edgeproj_len_weighted,raw_edgeproj_len_weighted,3.210464175616284,3.350248079464259,26185.627870720207,3515.5638279036866,6.364907274699737,ij,3.1962200049621003,3.1962200049621,raw_edgeproj_len_weighted,raw_edgeproj_len_weighted,28.64460113159061,4.500395668834297,28.582510504470736,5.404749615680142,0.9978323794129779,1.2009498749429053,19
sq_11_40,sq_11_41,-1,-1,39.48778612657481,6.20550001440231,34.519163684402955,4.321450530686727,3.1962200049621,3.1962200049620995,raw_edgeproj_len_weighted,raw_edgeproj_len_weighted,4.2103089140871495,6.709029294743711,25183.652938791525,3501.9816980396504,6.363352837793543,ij,3.1962200049621,3.1962200049620995,raw_edgeproj_len_weighted,raw_edgeproj_len_weighted,39.48778612657481,6.20550001440231,34.57567382504859,7.452494466254652,0.8756042618904779,1.2009498749429055,20
sq_10_33,sq_10_34,-1,-1,6.634724748019198,40.268398193085474,6.874871350976802,34.025177127229114,3.1962200049621,3.196220004962101,raw_edgeproj_len_weighted,raw_edgeproj_len_weighted,3.1962200049621,4.514013072332867,4973.000289856993,23519.211548055333,6.069339682118333,ji,3.196220004962101,3.1962200049621,raw_edgeproj_len_weighted,raw_edgeproj_len_weighted,40.268398193085474,6.634724748019198,35.25918107736847,8.256375889204152,0.875604261890478,1.2444187517604404,21
sq_31_35,sq_31_36,-1,-1,211.8477758730512,34.96982344582028,121.01897555368046,30.00104917839479,3.196220004962099,3.1962200049620995,raw_edgeproj_len_weighted,raw_edgeproj_len_weighted,10.067850092407042,4.375462377728361,75026.90391796747,16361.491730286449,6.058016741241855,ij,3.196220004962099,3.1962200049620995,raw_edgeproj_len_weighted,raw_edgeproj_len_weighted,211.8477758730512,34.96982344582028,185.49481542646242,41.997005094033355,0.875604261890478,1.2009498749429055,22
sq_27_30,sq_27_31,-1,-1,76.66924126877787,12.977138581716286,36.38644283766805,8.431610063843872,3.1962200049620986,3.1962200049621,raw_edgeproj_len_weighted,raw_edgeproj_len_weighted,14.720364373503779,7.7336309912741745,28208.090584758353,5170.2813341856145,5.908023620615293,ij,3.1962200049620986,3.1962200049621,raw_edgeproj_len_weighted,raw_edgeproj_len_weighted,76.66924126877787,12.977138581716286,67.13191441085121,15.584892956828925,0.8756042618904779,1.2009498749429053,23
sq_28_16,sq_29_16,-1,-1,33.12929001610006,5.6613794417611905,27.5128235690478,5.202172399974952,3.1962200049621,3.1962200049621,raw_edgeproj_len_weighted,raw_edgeproj_len_weighted,4.676902499344363,3.80118034194064,25889.45622074137,4740.500789566955,5.85180526352318,ij,3.1962200049621,3.1962200049621,raw_edgeproj_len_weighted,raw_edgeproj_len_weighted,33.12929001610006,5.6613794417611905,29.00814753150287,6.799032932587436,0.8756042618904779,1.2009498749429053,24
sq_29_33,sq_29_34,-1,-1,29.465843270559503,171.10860770270838,19.83410410780949,61.00271788971543,3.1962200049620995,3.196220004962099,raw_edgeproj_len_weighted,raw_edgeproj_len_weighted,7.192893746436647,26.455196681329316,11192.554492834204,40059.526355489186,5.80701546979549,ji,3.196220004962099,3.1962200049620995,raw_edgeproj_len_weighted,raw_edgeproj_len_weighted,171.10860770270838,29.465843270559503,149.82342615063735,35.38700079086569,0.8756042618904781,1.2009498749429055,25
sq_27_34,sq_28_34,-1,-1,36.81289250451779,212.86089356816728,23.21975648856407,83.67688025433745,3.1962200049621,3.1962200049620972,raw_edgeproj_len_weighted,raw_edgeproj_len_weighted,8.217965089869924,21.65507131625181,14684.81503134297,53589.45033685662,5.782237664210829,ji,3.1962200049620972,3.1962200049621,raw_edgeproj_len_weighted,raw_edgeproj_len_weighted,212.86089356816728,36.81289250451779,186.38190559810272,44.21043864958726,0.875604261890478,1.2009498749429055,26
sq_24_46,sq_25_46,-1,-1,59.50685299321586,10.3521080616595,52.68329930421732,8.856447004109096,3.1962200049621003,3.196220004962099,raw_edgeproj_len_weighted,raw_edgeproj_len_weighted,4.102287061783445,4.400561728432903,29629.865694378594,5702.5834603200465,5.748283599705448,ij,3.1962200049621003,3.196220004962099,raw_edgeproj_len_weighted,raw_edgeproj_len_weighted,59.50685299321586,10.3521080616595,52.68329930421732,12.432362882045421,0.8853316324797673,1.2009498749429055,27
sq_37_31,sq_38_31,-1,-1,11.560034755477153,66.23548993565672,7.731158152802523,54.17497372357423,3.1962200049620995,3.1962200049621,raw_edgeproj_len_weighted,raw_edgeproj_len_weighted,7.288838882489545,4.8251831683452515,5013.809100247408,39753.95327398573,5.729696435754597,ji,3.1962200049621,3.1962200049620995,raw_edgeproj_len_weighted,raw_edgeproj_len_weighted,66.23548993565672,11.560034755477153,57.99607727606487,13.883022293925926,0.8756042618904778,1.2009498749429053,28
sq_12_23,sq_13_23,-1,-1,9.123307803501952,51.634416623893244,7.149219959863248,45.458925494367854,3.1962200049621,3.196220004962099,raw_edgeproj_len_weighted,raw_edgeproj_len_weighted,5.26783164823313,4.149516954722474,4520.632826783824,27616.90716838868,5.6596157595465035,ji,3.196220004962099,3.1962200049621,raw_edgeproj_len_weighted,raw_edgeproj_len_weighted,51.634416623893244,9.123307803501952,45.458925494367854,10.956635365681302,0.8803997114074539,1.2009498749429055,29
sq_28_33,sq_28_34,-1,-1,33.8821661443087,186.4998997949176,25.289552110577898,74.4614886735164,3.196220004962101,3.1962200049620986,raw_edgeproj_len_weighted,raw_edgeproj_len_weighted,5.820283023637486,20.97688244790192,12533.19986943201,46250.80223987185,5.504367666476502,ji,3.1962200049620986,3.196220004962101,raw_edgeproj_len_weighted,raw_edgeproj_len_weighted,186.4998997949176,33.8821661443087,163.30010710257693,40.69078319380227,0.8756042618904779,1.2009498749429053,30
sq_23_45,sq_23_46,-1,-1,8.159077267235112,44.60863038031133,6.935151039169416,7.680676243668123,3.1962200049621003,3.1962200049620995,raw_edgeproj_len_weighted,raw_edgeproj_len_weighted,4.459419298114158,117.55747568600275,3880.3138357787543,3876.490576112842,5.467362168446282,ji,3.1962200049620995,3.1962200049621003,raw_edgeproj_len_weighted,raw_edgeproj_len_weighted,44.60863038031133,8.159077267235112,39.05950687809765,9.798642823735511,0.8756042618904778,1.2009498749429055,31
sq_21_31,sq_22_31,-1,-1,27.914584160376208,5.1850115858795505,7.936646314868781,3.3476117098640357,3.1962200049621,3.196220004962101,raw_edgeproj_len_weighted,raw_edgeproj_len_weighted,42.061711788648374,7.834494030022971,8898.342090930008,3456.0998366438316,5.383707191011217,ij,3.1962200049621,3.196220004962101,raw_edgeproj_len_weighted,raw_edgeproj_len_weighted,27.914584160376208,5.1850115858795505,24.442128859725837,6.226939015639561,0.875604261890478,1.2009498749429053,32
sq_25_29,sq_25_30,-1,-1,7.5976112917298355,40.73505070249326,7.036633436813678,36.81297933643494,3.196220004962099,3.196220004962099,raw_edgeproj_len_weighted,raw_edgeproj_len_weighted,3.7402381276010805,3.933087240286746,3290.9155629201123,20874.70853143084,5.361560250763848,ji,3.196220004962099,3.196220004962099,raw_edgeproj_len_weighted,raw_edgeproj_len_weighted,40.73505070249326,7.5976112917298355,36.81297933643494,9.124350330667752,0.9037175283098823,1.2009498749429055,33
sq_78_44,sq_78_45,-1,-1,34.48226231539049,6.446806523906246,25.167433920794856,6.172789949019078,3.1962200049621003,3.1962200049621,raw_edgeproj_len_weighted,raw_edgeproj_len_weighted,6.093629414784792,3.493740437381348,23969.10828422096,6145.371949630251,5.3487354068285295,ij,3.1962200049621003,3.1962200049621,raw_edgeproj_len_weighted,raw_edgeproj_len_weighted,34.48226231539049,6.446806523906246,30.19281584298134,7.742291488666312,0.875604261890478,1.2009498749429053,34
sq_42_22,sq_43_22,-1,-1,5.5151811396773525,29.240412238812183,5.130569076030641,27.39921129772136,3.1962200049621,3.1962200049621,raw_edgeproj_len_weighted,raw_edgeproj_len_weighted,3.706543727221855,3.6518812251727675,4467.982735812615,24361.601631881,5.301804509819381,ji,3.1962200049621,3.1962200049621,raw_edgeproj_len_weighted,raw_edgeproj_len_weighted,29.240412238812183,5.5151811396773525,27.39921129772136,6.623456099982988,0.9370323193102281,1.2009498749429057,35
sq_30_36,sq_30_37,-1,-1,21.48942983747269,113.87392104886436,12.099855919556353,44.959567415055886,3.1962200049621003,3.1962200049621,raw_edgeproj_len_weighted,raw_edgeproj_len_weighted,10.370359812784931,21.462991509461276,5548.4080119314,28088.367931434503,5.299066653238704,ji,3.1962200049621,3.1962200049621003,raw_edgeproj_len_weighted,raw_edgeproj_len_weighted,113.87392104886436,21.48942983747269,99.70849058856544,25.807728075907164,0.8756042618904779,1.2009498749429053,36
sq_24_36,sq_25_36,-1,-1,7.211852032461664,37.92590324410665,6.4758683211267005,27.059389406024053,3.1962200049621,3.196220004962101,raw_edgeproj_len_weighted,raw_edgeproj_len_weighted,3.985046406488616,6.383858676500177,4108.451312088093,17071.082400276868,5.2588299196095925,ji,3.196220004962101,3.1962200049621,raw_edgeproj_len_weighted,raw_edgeproj_len_weighted,37.92590324410665,7.211852032461664,33.20808251658569,8.661072796491574,0.8756042618904781,1.2009498749429055,37
sq_10_32,sq_10_33,-1,-1,8.331871476791022,43.17102371490867,6.875822953846882,32.4656528183746,3.1962200049621,3.1962200049621,raw_edgeproj_len_weighted,raw_edgeproj_len_weighted,4.737780512080753,5.73139104342066,4320.070715510727,23439.653710358783,5.181431786983802,ji,3.1962200049621,3.1962200049621,raw_edgeproj_len_weighted,raw_edgeproj_len_weighted,43.17102371490867,8.331871476791022,37.80073235494893,10.00616000809254,0.875604261890478,1.2009498749429055,38
sq_15_42,sq_16_42,-1,-1,9.399123973430324,47.6868885335152,8.314057121412791,43.49134606138684,3.1962200049621,3.1962200049621003,raw_edgeproj_len_weighted,raw_edgeproj_len_weighted,4.109655941691423,3.8600769562325903,3939.5117480076674,23015.751878428327,5.073546073901959,ji,3.1962200049621003,3.1962200049621,raw_edgeproj_len_weighted,raw_edgeproj_len_weighted,47.6868885335152,9.399123973430324,43.49134606138684,11.28787676046401,0.9120189510963866,1.2009498749429053,39
sq_22_44,sq_22_45,-1,-1,36.02896412450129,7.19295053725445,27.202828990313773,5.362053447569986,3.1962200049621003,3.1962200049621,raw_edgeproj_len_weighted,raw_edgeproj_len_weighted,5.6847834875118535,5.83529427163856,22460.789457108272,4004.805420924537,5.008926995660052,ij,3.1962200049621003,3.1962200049621,raw_edgeproj_len_weighted,raw_edgeproj_len_weighted,36.02896412450129,7.19295053725445,31.547114538912467,8.638373048186237,0.875604261890478,1.2009498749429055,40
sq_58_28,sq_59_28,-1,-1,26.00625496191029,5.22706103272443,24.60255671536368,4.9480872031078516,3.1962200049621,3.1962200049621,raw_edgeproj_len_weighted,raw_edgeproj_len_weighted,3.5811040580482247,3.5764207371403454,21491.514002824893,4318.176672650361,4.975311135472891,ij,3.1962200049621,3.1962200049621,raw_edgeproj_len_weighted,raw_edgeproj_len_weighted,26.00625496191029,5.22706103272443,24.60255671536368,6.27743829356934,0.9460245910607845,1.2009498749429057,41
sq_23_31,sq_24_31,-1,-1,44.1479048260204,9.11995654726119,26.62873194044263,7.318266619261891,3.1962200049620995,3.1962200049621,raw_edgeproj_len_weighted,raw_edgeproj_len_weighted,9.006455398829619,5.017722360587527,19670.05619988715,4267.229967063264,4.8408021022072125,ij,3.1962200049620995,3.1962200049621,raw_edgeproj_len_weighted,raw_edgeproj_len_weighted,44.1479048260204,9.11995654726119,38.65609361919866,10.952610674918057,0.8756042618904778,1.2009498749429055,42
sq_15_34,sq_16_34,-1,-1,9.639020967683267,46.5367755004964,8.665812016367015,35.75542619531118,3.1962200049621003,3.1962200049621003,raw_edgeproj_len_weighted,raw_edgeproj_len_weighted,3.9751844282655004,5.4849695983307125,5663.177500734606,19829.818564274035,4.827956662457752,ji,3.1962200049621003,3.1962200049621003,raw_edgeproj_len_weighted,raw_edgeproj_len_weighted,46.5367755004964,9.639020967683267,40.74779896287503,11.575981025711263,0.875604261890478,1.2009498749429055,43
sq_29_33,sq_30_33,-1,-1,40.05105704915212,192.31164084724796,27.273617868379,73.26964223474033,3.1962200049620995,3.1962200049621003,raw_edgeproj_len_weighted,raw_edgeproj_len_weighted,7.024022759279518,23.08927179024955,14671.587827850784,45485.978478155994,4.801662053793888,ji,3.1962200049621003,3.1962200049620995,raw_edgeproj_len_weighted,raw_edgeproj_len_weighted,192.31164084724796,40.05105704915212,168.38889233700124,48.09931195451042,0.8756042618904779,1.2009498749429057,44
sq_16_41,sq_16_42,-1,-1,10.52674624455964,49.751113660889054,10.123633625161508,44.845124483577415,3.1962200049621003,3.196220004962101,raw_edgeproj_len_weighted,raw_edgeproj_len_weighted,3.4624708129801363,3.9539323337014562,4856.672552764907,22812.646387721023,4.726162529718153,ji,3.196220004962101,3.1962200049621003,raw_edgeproj_len_weighted,raw_edgeproj_len_weighted,49.751113660889054,10.52674624455964,44.845124483577415,12.642094585959597,0.9013893596281767,1.2009498749429053,45
sq_32_38,sq_32_39,-1,-1,14.897176905516224,70.04333139911637,11.649787939602971,61.40218203539812,3.1962200049621,3.1962200049620995,raw_edgeproj_len_weighted,raw_edgeproj_len_weighted,5.2900569063809035,4.186151304765065,5897.440963229266,39273.80878293694,4.701785569397398,ji,3.1962200049620995,3.1962200049621,raw_edgeproj_len_weighted,raw_edgeproj_len_weighted,70.04333139911637,14.897176905516224,61.40218203539812,17.890762741682046,0.8766313767333564,1.2009498749429053,46
sq_13_42,sq_13_43,-1,-1,8.363512751133587,39.16293025559953,7.316222129275235,7.29649571484791,3.1962200049621,3.1962200049621,raw_edgeproj_len_weighted,raw_edgeproj_len_weighted,4.204339851439357,100.01110783936696,4435.875523149687,4623.838433004797,4.682593477279196,ji,3.1962200049621,3.1962200049621,raw_edgeproj_len_weighted,raw_edgeproj_len_weighted,39.16293025559953,8.363512751133587,34.29122863992248,10.044159592557277,0.8756042618904777,1.2009498749429055,47
sq_31_38,sq_31_39,-1,-1,15.182606962868062,70.79276492220963,14.243225814086296,61.84416386508768,3.1962200049621,3.1962200049620995,raw_edgeproj_len_weighted,raw_edgeproj_len_weighted,3.6431479483774933,4.216026881825352,7448.789449277634,38223.74293566161,4.662754235510853,ji,3.1962200049620995,3.1962200049621,raw_edgeproj_len_weighted,raw_edgeproj_len_weighted,70.79276492220963,15.182606962868062,61.986446676897486,18.233549933363687,0.875604261890478,1.2009498749429055,48
sq_20_38,sq_21_38,-1,-1,26.742570104613264,5.76769403818858,2.828533605365215,3.2624152400216597,3.1962200049621,3.1962200049621,raw_edgeproj_len_weighted,raw_edgeproj_len_weighted,319.082252461292,10.273843112337728,3152.6291518686157,3117.224651959179,4.636613857730241,ij,3.1962200049621,3.1962200049621,raw_edgeproj_len_weighted,raw_edgeproj_len_weighted,26.742570104613264,5.76769403818858,23.415908357504257,6.926711433871516,0.8756042618904779,1.2009498749429053,49
sq_27_31,sq_27_32,-1,-1,13.682665203146833,2.96169310993137,2.5557715191862447,2.825783686547969,3.196220004962099,3.1962200049621,raw_edgeproj_len_weighted,raw_edgeproj_len_weighted,99.48765508649008,3.519186500773742,3373.023386043375,3249.352954958751,4.619879472746551,ij,3.196220004962099,3.1962200049621,raw_edgeproj_len_weighted,raw_edgeproj_len_weighted,13.682665203146833,2.96169310993137,11.980599965895909,3.556844969991343,0.8756042618904779,1.2009498749429053,50
sq_13_35,sq_13_36,-1,-1,29.192602309731797,6.367673673664057,22.268458632141563,6.011025144723212,3.196220004962099,3.1962200049621,raw_edgeproj_len_weighted,raw_edgeproj_len_weighted,5.566532206967187,3.5969323370677677,18577.516278010426,4229.7204567629315,4.584500369494269,ij,3.196220004962099,3.1962200049621,raw_edgeproj_len_weighted,raw_edgeproj_len_weighted,29.192602309731797,6.367673673664057,25.561166998074974,7.64725690206408,0.875604261890478,1.2009498749429053,51
sq_24_35,sq_25_35,-1,-1,5.890337686992943,26.98057339731829,3.712784421058742,12.29488815170489,3.1962200049621,3.1962200049621,raw_edgeproj_len_weighted,raw_edgeproj_len_weighted,8.229535311398672,15.998394618852354,3171.986254382222,8258.01006953136,4.5804799030277765,ji,3.1962200049621,3.1962200049621,raw_edgeproj_len_weighted,raw_edgeproj_len_weighted,26.98057339731829,5.890337686992943,23.62430505494075,7.074000308565657,0.875604261890478,1.2009498749429053,52
sq_37_46,sq_38_46,-1,-1,24.89740112725194,5.452899766051899,22.84006599691732,4.6917043633488955,3.1962200049621,3.1962200049621,raw_edgeproj_len_weighted,raw_edgeproj_len_weighted,3.814100392473585,4.3495240843392935,21582.07772850136,4363.698945648358,4.565901115999896,ij,3.1962200049621,3.1962200049621,raw_edgeproj_len_weighted,raw_edgeproj_len_weighted,24.89740112725194,5.452899766051899,22.84006599691732,6.548659292116226,0.9173674746283972,1.2009498749429055,53
sq_20_26,sq_20_27,-1,-1,66.45863896413782,14.5623225558521,52.993001928555636,10.836387317546508,3.1962200049620995,3.196220004962099,raw_edgeproj_len_weighted,raw_edgeproj_len_weighted,5.083215861067034,5.856538792028639,33603.988300189,6392.656266813459,4.563738971530359,ij,3.1962200049620995,3.196220004962099,raw_edgeproj_len_weighted,raw_edgeproj_len_weighted,66.45863896413782,14.5623225558521,58.19146751643966,17.488619452328834,0.875604261890478,1.2009498749429057,54
sq_16_30,sq_16_31,-1,-1,2.834714849097521,12.916912960109808,2.956986163355934,9.709333145609223,3.1962200049620995,3.1962200049621003,raw_edgeproj_len_weighted,raw_edgeproj_len_weighted,3.1962200049620995,5.736832612118134,3503.964678162212,8875.144956135127,4.556688643382287,ji,3.1962200049621003,3.1962200049620995,raw_edgeproj_len_weighted,raw_edgeproj_len_weighted,12.916912960109808,2.834714849097521,11.310104038340498,3.5511921630902106,0.875604261890478,1.2527511062429408,55
sq_27_32,sq_27_33,-1,-1,9.779470465783428,44.23406899103059,6.544469012439938,20.248351575085124,3.1962200049620995,3.1962200049621003,raw_edgeproj_len_weighted,raw_edgeproj_len_weighted,7.27943336194186,15.851168861718655,3870.7070420782247,12971.050439344495,4.523155844255318,ji,3.1962200049621003,3.1962200049620995,raw_edgeproj_len_weighted,raw_edgeproj_len_weighted,44.23406899103059,9.779470465783428,38.73153932930383,11.744653832890446,0.8756042618904781,1.2009498749429055,56
sq_46_18,sq_46_19,-1,-1,5.652236607516805,25.45915879586104,5.567351415447023,23.770640457867486,3.1962200049621,3.1962200049620995,raw_edgeproj_len_weighted,raw_edgeproj_len_weighted,3.2968809138647805,3.6788216048830704,4509.6494127223505,18338.690330578316,4.504262748308054,ji,3.1962200049620995,3.1962200049621,raw_edgeproj_len_weighted,raw_edgeproj_len_weighted,25.45915879586104,5.652236607516805,23.770640457867486,6.788052846945019,0.9336773712151063,1.2009498749429055,57
sq_20_48,sq_20_49,-1,-1,10.464871319105544,46.218960151273414,10.50228797150062,45.71963105943212,3.1962200049621003,3.1962200049620995,raw_edgeproj_len_weighted,raw_edgeproj_len_weighted,3.1962200049621003,3.2681620130411306,7287.983129250708,25748.98217546844,4.416581794645885,ji,3.1962200049620995,3.1962200049621003,raw_edgeproj_len_weighted,raw_edgeproj_len_weighted,46.218960151273414,10.464871319105544,45.71963105943212,12.612721425988047,0.9891964447013303,1.2052438144137718,58
sq_30_36,sq_31_36,-1,-1,7.541506768523155,32.97092477286909,7.846205589070001,18.41136117456468,3.1962200049621,3.1962200049621003,raw_edgeproj_len_weighted,raw_edgeproj_len_weighted,3.1962200049621,10.548045014707586,4600.362665701096,11843.821225641106,4.3719280224588,ji,3.1962200049621003,3.1962200049621,raw_edgeproj_len_weighted,raw_edgeproj_len_weighted,32.97092477286909,7.541506768523155,28.869482249594515,9.422899620969943,0.875604261890478,1.2494717448639536,59
sq_42_40,sq_42_41,-1,-1,3.671226429465082,15.57067132617026,3.275032411392136,12.305480545525622,3.1962200049620995,3.1962200049621,raw_edgeproj_len_weighted,raw_edgeproj_len_weighted,4.038935609237594,5.177031939626115,4037.678558703999,14381.337029273624,4.2412723991091426,ji,3.1962200049621,3.1962200049620995,raw_edgeproj_len_weighted,raw_edgeproj_len_weighted,15.57067132617026,3.671226429465082,13.633746173690541,4.408958921353181,0.875604261890478,1.2009498749429057,60
sq_22_46,sq_23_46,-1,-1,11.199774172454823,47.38740962205841,7.706378452056256,42.54842526047278,3.1962200049621003,3.1962200049620995,raw_edgeproj_len_weighted,raw_edgeproj_len_weighted,6.876055868791277,3.9856233197662054,4678.630507373606,22243.72567509379,4.23110402874059,ji,3.1962200049620995,3.1962200049621003,raw_edgeproj_len_weighted,raw_edgeproj_len_weighted,47.38740962205841,11.199774172454823,42.54842526047278,13.4503673917984,0.8978845984581288,1.2009498749429053,61
sq_17_36,sq_18_36,-1,-1,7.014133046875264,29.5702501127672,6.96650274458769,28.403219679885527,3.1962200049621,3.196220004962099,raw_edgeproj_len_weighted,raw_edgeproj_len_weighted,3.2411607653912915,3.4711353859854928,3960.468583467328,14914.61288053601,4.2158096966724194,ji,3.196220004962099,3.1962200049621,raw_edgeproj_len_weighted,raw_edgeproj_len_weighted,29.5702501127672,7.014133046875264,28.403219679885527,8.423622205477749,0.9605336299682565,1.2009498749429055,62
sq_28_35,sq_29_35,-1,-1,207.76000284762043,49.39388495273955,117.25962373822104,28.647071536929456,3.1962200049620995,3.1962200049621003,raw_edgeproj_len_weighted,raw_edgeproj_len_weighted,10.320021752689545,9.760190424470506,74279.90652331886,16241.68138776102,4.20618874272406,ij,3.1962200049620995,3.1962200049621003,raw_edgeproj_len_weighted,raw_edgeproj_len_weighted,207.76000284762043,49.39388495273955,181.9155439437543,59.31957995693681,0.875604261890478,1.2009498749429053,63
sq_29_37,sq_30_37,-1,-1,30.702630330151703,128.77165054747718,20.98950730951257,59.18823722142252,3.1962200049620995,3.196220004962101,raw_edgeproj_len_weighted,raw_edgeproj_len_weighted,6.967975623606245,15.718420850296228,9674.90000082672,35120.95131041457,4.194156955373827,ji,3.196220004962101,3.1962200049620995,raw_edgeproj_len_weighted,raw_edgeproj_len_weighted,128.77165054747718,30.702630330151703,112.75300603004233,36.872320055413944,0.875604261890478,1.2009498749429055,64
sq_14_22,sq_15_22,-1,-1,10.038400801880536,41.672826822686375,9.046051202798218,37.80850414339311,3.1962200049621,3.1962200049621003,raw_edgeproj_len_weighted,raw_edgeproj_len_weighted,3.956132843412587,3.901594483375281,5516.423215717292,25534.221514949364,4.151341199175832,ji,3.1962200049621003,3.1962200049621,raw_edgeproj_len_weighted,raw_edgeproj_len_weighted,41.672826822686375,10.038400801880536,37.80850414339311,12.055616187645192,0.9072699652525238,1.2009498749429055,65
sq_26_24,sq_26_25,-1,-1,20.017158510275905,4.824684880303171,17.389996049598444,4.874985683191307,3.1962200049621,3.1962200049620995,raw_edgeproj_len_weighted,raw_edgeproj_len_weighted,4.264298700850409,3.1962200049620995,12769.017261174671,3971.2212400664584,4.148904852210385,ij,3.1962200049621,3.1962200049620995,raw_edgeproj_len_weighted,raw_edgeproj_len_weighted,20.017158510275905,4.824684880303171,17.527109302534832,5.854613446577055,0.8756042618904779,1.2134706393942076,66
sq_20_44,sq_20_45,-1,-1,8.556471735846904,34.65601757986567,7.960207574851362,32.40673794759987,3.1962200049620986,3.196220004962099,raw_edgeproj_len_weighted,raw_edgeproj_len_weighted,3.706125511319263,3.6673859787963,4453.964751144873,17312.03643727248,4.050269626284868,ji,3.196220004962099,3.1962200049620986,raw_edgeproj_len_weighted,raw_edgeproj_len_weighted,34.65601757986567,8.556471735846904,32.40673794759987,10.275893661117845,0.9350969964427599,1.2009498749429055,67
sq_24_42,sq_25_42,-1,-1,79.93892689634067,20.01376151961877,64.21153858847886,15.499519771631112,3.196220004962101,3.196220004962099,raw_edgeproj_len_weighted,raw_edgeproj_len_weighted,5.007332317052511,5.396561779881321,34931.61500094345,8117.4576103303825,3.994198033087354,ij,3.196220004962101,3.196220004962099,raw_edgeproj_len_weighted,raw_edgeproj_len_weighted,79.93892689634067,20.01376151961877,69.99486508138726,24.035524394123296,0.875604261890478,1.2009498749429055,68
sq_24_37,sq_25_37,-1,-1,20.78898667230977,82.63737898907088,16.102316923729163,64.17880023416127,3.1962200049621,3.1962200049621017,raw_edgeproj_len_weighted,raw_edgeproj_len_weighted,5.394893501393598,5.365445711913287,8976.574758698913,36634.07546820996,3.975055652863595,ji,3.1962200049621017,3.1962200049621,raw_edgeproj_len_weighted,raw_edgeproj_len_weighted,82.63737898907088,20.78898667230977,72.3576412342891,24.966530944300146,0.875604261890478,1.2009498749429055,69
sq_7_35,sq_8_35,-1,-1,13.115393715185474,3.320022681248841,10.898018909220523,3.183474041205636,3.1962200049621003,3.1962200049621,raw_edgeproj_len_weighted,raw_edgeproj_len_weighted,4.671538961562181,3.4834788436800075,10370.232133811243,3592.0866084367894,3.9503928058262727,ij,3.1962200049621003,3.1962200049621,raw_edgeproj_len_weighted,raw_edgeproj_len_weighted,13.115393715185474,3.320022681248841,11.483894633387992,3.9871808238534054,0.875604261890478,1.2009498749429055,70
sq_18_36,sq_19_36,-1,-1,7.846601474215019,30.98463657838883,7.020698118631511,29.71539067030429,3.1962200049620995,3.1962200049621012,raw_edgeproj_len_weighted,raw_edgeproj_len_weighted,4.014345347706603,3.4822500140746464,4146.666157891489,15424.898992877015,3.9487970276314512,ji,3.1962200049621012,3.1962200049620995,raw_edgeproj_len_weighted,raw_edgeproj_len_weighted,30.98463657838883,7.846601474215019,29.71539067030429,9.423375059185345,0.9590362822273729,1.2009498749429055,71
sq_16_41,sq_17_41,-1,-1,9.200742009804983,36.19050614529876,8.986514505525163,32.827341993743104,3.1962200049621003,3.1962200049621003,raw_edgeproj_len_weighted,raw_edgeproj_len_weighted,3.3543085145340186,3.903352443315103,4577.575297879022,17141.041111288392,3.9334334238185913,ji,3.1962200049621003,3.1962200049621003,raw_edgeproj_len_weighted,raw_edgeproj_len_weighted,36.19050614529876,9.200742009804983,32.827341993743104,11.049629966057232,0.9070705411509549,1.2009498749429055,72
sq_33_56,sq_34_56,-1,-1,3.3292714944444652,12.889661133671224,2.932413467294621,7.004122729959312,3.1962200049621,3.1962200049621,raw_edgeproj_len_weighted,raw_edgeproj_len_weighted,4.145679233078654,11.154225934122698,3068.5123052090385,6863.238861215179,3.8716161043580017,ji,3.1962200049621,3.1962200049621,raw_edgeproj_len_weighted,raw_edgeproj_len_weighted,12.889661133671224,3.3292714944444652,11.286242222966571,3.9982881849040606,0.8756042618904778,1.2009498749429055,73
sq_12_42,sq_13_42,-1,-1,42.64349209099592,11.023586269514489,10.398847679249585,10.453302148225148,3.1962200049621003,3.1962200049621,raw_edgeproj_len_weighted,raw_edgeproj_len_weighted,57.61197753704934,3.563772967049045,5170.35709721037,4898.704285046917,3.868386480443815,ij,3.1962200049621003,3.1962200049621,raw_edgeproj_len_weighted,raw_edgeproj_len_weighted,42.64349209099592,11.023586269514489,37.33882341676891,13.238774551795755,0.8756042618904778,1.2009498749429055,74
sq_34_66,sq_34_67,-1,-1,25.24518770020904,6.532796003675571,22.808599310626597,6.514872651049027,3.1962200049621,3.1962200049621,raw_edgeproj_len_weighted,raw_edgeproj_len_weighted,3.9351791649867227,3.21426498982195,17300.733426429582,4685.408025824194,3.864377165000292,ij,3.1962200049621,3.1962200049621,raw_edgeproj_len_weighted,raw_edgeproj_len_weighted,25.24518770020904,6.532796003675571,22.808599310626597,7.845560543641689,0.9034830551264919,1.2009498749429053,75
sq_5_37,sq_6_37,-1,-1,6.283148645534745,24.128748812631923,5.851923913675409,23.04099900573214,3.1962200049620995,3.1962200049621,raw_edgeproj_len_weighted,raw_edgeproj_len_weighted,3.6975377373907596,3.5130870693802043,4293.606403751432,14342.706315327536,3.8402320514539374,ji,3.1962200049621,3.1962200049620995,raw_edgeproj_len_weighted,raw_edgeproj_len_weighted,24.128748812631923,6.283148645534745,23.04099900573214,7.545746580102637,0.9549189303039898,1.2009498749429053,76
sq_16_33,sq_16_34,-1,-1,9.230939305383234,35.212129600349535,8.83659600137319,27.966995463268113,3.1962200049621,3.196220004962099,raw_edgeproj_len_weighted,raw_edgeproj_len_weighted,3.4953523323837103,5.1244816628583125,5339.795032220944,18486.63022217358,3.8145770907425174,ji,3.196220004962099,3.1962200049621,raw_edgeproj_len_weighted,raw_edgeproj_len_weighted,35.212129600349535,9.230939305383234,30.831890748305906,11.085895404405546,0.875604261890478,1.2009498749429055,77
sq_15_40,sq_16_40,-1,-1,24.33777371204928,6.581445624706918,15.039978570467666,6.45281474406669,3.1962200049620995,3.1962200049620995,raw_edgeproj_len_weighted,raw_edgeproj_len_weighted,8.57006805379824,3.3281465782408004,7864.700752411665,3441.557644903266,3.697937368149734,ij,3.1962200049620995,3.1962200049620995,raw_edgeproj_len_weighted,raw_edgeproj_len_weighted,24.33777371204928,6.581445624706918,21.310258387196388,7.903986299935305,0.8756042618904779,1.2009498749429055,78
sq_10_36,sq_11_36,-1,-1,27.127596059760837,7.36206688595032,23.086912350001302,7.1079644015221835,3.196220004962101,3.1962200049621003,raw_edgeproj_len_weighted,raw_edgeproj_len_weighted,4.448078423461148,3.434756205574413,17252.216259807206,4260.588648255317,3.6847798967340024,ij,3.196220004962101,3.1962200049621003,raw_edgeproj_len_weighted,raw_edgeproj_len_weighted,27.127596059760837,7.36206688595032,23.75303872476993,8.84147330600334,0.8756042618904781,1.2009498749429053,79
sq_19_48,sq_19_49,-1,-1,15.341355678662069,55.83848349344214,13.522960942021989,52.548804114605446,3.1962200049621003,3.1962200049621017,raw_edgeproj_len_weighted,raw_edgeproj_len_weighted,4.139188851189467,3.619721394220429,7952.497899535781,29150.267634536063,3.63973593097164,ji,3.1962200049621017,3.1962200049621003,raw_edgeproj_len_weighted,raw_edgeproj_len_weighted,55.83848349344214,15.341355678662069,52.548804114605446,18.424199183743845,0.941085803678335,1.2009498749429055,80
sq_32_41,sq_32_42,-1,-1,66.43000477039891,18.46664491537583,59.03574350158799,11.609723931812848,3.1962200049620995,3.1962200049621003,raw_edgeproj_len_weighted,raw_edgeproj_len_weighted,4.0705736137789925,8.27336079508726,38474.24219812965,6529.623100153043,3.597296914237382,ij,3.1962200049620995,3.1962200049621003,raw_edgeproj_len_weighted,raw_edgeproj_len_weighted,66.43000477039891,18.46664491537583,59.03574350158799,22.177514901735645,0.88869094177597,1.2009498749429055,81
sq_23_26,sq_23_27,-1,-1,23.834022876478773,6.655953643317313,13.71812442825635,5.627823353212616,3.1962200049621003,3.1962200049621003,raw_edgeproj_len_weighted,raw_edgeproj_len_weighted,9.913805241080203,4.507752782671359,14082.89270695399,4410.423265297284,3.58085770329974,ij,3.1962200049621003,3.1962200049621003,raw_edgeproj_len_weighted,raw_edgeproj_len_weighted,23.834022876478773,6.655953643317313,20.869172008639964,7.993466695567703,0.875604261890478,1.2009498749429053,82
sq_12_39,sq_13_39,-1,-1,51.85045620180462,14.513356896752189,38.333690604917514,13.153147289445016,3.196220004962101,3.1962200049621,raw_edgeproj_len_weighted,raw_edgeproj_len_weighted,5.935149214383332,3.9103436609788558,27245.352151502128,9438.090907685086,3.572602573661491,ij,3.196220004962101,3.1962200049621,raw_edgeproj_len_weighted,raw_edgeproj_len_weighted,51.85045620180462,14.513356896752189,45.4004804312657,17.429814150156293,0.8756042618904781,1.2009498749429053,83
sq_16_39,sq_17_39,-1,-1,8.077839149214174,28.56014160828684,7.441567040763851,17.338023850918955,3.1962200049621,3.196220004962101,raw_edgeproj_len_weighted,raw_edgeproj_len_weighted,3.7813824532847327,8.888296866175388,4039.2894462554896,11220.663528419256,3.5356165282228007,ji,3.196220004962101,3.1962200049621,raw_edgeproj_len_weighted,raw_edgeproj_len_weighted,28.56014160828684,8.077839149214174,25.007381712411533,9.701079916057667,0.8756042618904781,1.2009498749429053,84
sq_20_44,sq_21_44,-1,-1,36.05965342981464,10.201001235926013,24.142537672963147,9.480147914578804,3.1962200049621,3.1962200049621,raw_edgeproj_len_weighted,raw_edgeproj_len_weighted,7.272488440756506,3.7141320031372995,21864.86385534594,6436.347664571314,3.534913151742331,ij,3.1962200049621,3.1962200049621,raw_edgeproj_len_weighted,raw_edgeproj_len_weighted,36.05965342981464,10.201001235926013,31.573986225439285,12.250891158577769,0.8756042618904779,1.2009498749429055,85
sq_57_27,sq_58_27,-1,-1,6.548254926430246,23.064326423993514,6.111853500280286,21.979278522847768,3.1962200049621,3.1962200049621,raw_edgeproj_len_weighted,raw_edgeproj_len_weighted,3.6814171517293155,3.5279349264589572,5449.68668280629,18986.654912485617,3.522209608990732,ji,3.1962200049621,3.1962200049621,raw_edgeproj_len_weighted,raw_edgeproj_len_weighted,23.064326423993514,6.548254926430246,21.979278522847768,7.864125934990669,0.952955578186017,1.2009498749429055,86
sq_24_30,sq_24_31,-1,-1,37.12223876553665,10.554816002980244,20.668966842040252,7.9116072314284605,3.196220004962098,3.1962200049621,raw_edgeproj_len_weighted,raw_edgeproj_len_weighted,10.611450734159103,5.769859628672913,15476.319688104431,4651.722544939085,3.517090089969817,ij,3.196220004962098,3.1962200049621,raw_edgeproj_len_weighted,raw_edgeproj_len_weighted,37.12223876553665,10.554816002980244,32.50439047401981,12.675804958824502,0.875604261890478,1.2009498749429055,87
sq_29_34,sq_29_35,-1,-1,202.24062357365173,57.97216594960558,109.88492762895116,38.64187073909326,3.196220004962099,3.196220004962101,raw_edgeproj_len_weighted,raw_edgeproj_len_weighted,11.15646381762272,7.338767121929865,70409.09793443569,21022.66778798703,3.488581464240214,ij,3.196220004962099,3.196220004962101,raw_edgeproj_len_weighted,raw_edgeproj_len_weighted,202.24062357365173,57.97216594960558,177.08275192847734,69.62166544734818,0.875604261890478,1.2009498749429053,88
sq_11_31,sq_11_32,-1,-1,25.431660415118124,7.291650255368549,11.37444201522962,7.346653204211963,3.196220004962099,3.1962200049620995,raw_edgeproj_len_weighted,raw_edgeproj_len_weighted,16.62308768332147,3.1962200049620995,7019.011539717997,4980.926438678411,3.4877784211322824,ij,3.196220004962099,3.1962200049620995,raw_edgeproj_len_weighted,raw_edgeproj_len_weighted,25.431660415118124,7.291650255368549,22.26807024642879,8.822962246847252,0.8756042618904778,1.2100089743540923,89
sq_25_39,sq_25_40,-1,-1,7.647751038672961,26.58402876454411,6.827562824415994,8.112923754244019,3.1962200049621,3.1962200049621003,raw_edgeproj_len_weighted,raw_edgeproj_len_weighted,4.032698529665218,36.380875696633225,3501.559003498979,3837.097477644707,3.4760583379498944,ji,3.1962200049621003,3.1962200049621,raw_edgeproj_len_weighted,raw_edgeproj_len_weighted,26.58402876454411,7.647751038672961,23.27708888445388,9.184565653488768,0.875604261890478,1.2009498749429055,90
sq_32_44,sq_32_45,-1,-1,3.732425664791771,12.89917148250768,3.62539056887332,8.83664635093777,3.1962200049621,3.1962200049621003,raw_edgeproj_len_weighted,raw_edgeproj_len_weighted,3.3925859476335978,6.938481184847802,3300.0006150923623,8213.1199035821,3.4559754542967744,ji,3.1962200049621003,3.1962200049621,raw_edgeproj_len_weighted,raw_edgeproj_len_weighted,12.89917148250768,3.732425664791771,11.294569524939842,4.482456135365368,0.8756042618904781,1.2009498749429053,91
sq_24_43,sq_25_43,-1,-1,11.72200822883486,40.21551754902054,10.914135963427247,33.90440885512526,3.1962200049621003,3.1962200049621003,raw_edgeproj_len_weighted,raw_edgeproj_len_weighted,3.6998762861838057,4.53479587011256,7487.880936738565,21007.324691705795,3.4307702881571744,ji,3.1962200049621003,3.1962200049621003,raw_edgeproj_len_weighted,raw_edgeproj_len_weighted,40.21551754902054,11.72200822883486,35.21287856005369,14.077544316498932,0.8756042618904779,1.2009498749429053,92
sq_34_23,sq_35_23,-1,-1,28.07121612415778,8.18629941070161,28.06350238688419,7.666601052071877,3.1962200049621003,3.1962200049621,raw_edgeproj_len_weighted,raw_edgeproj_len_weighted,3.1980205435494073,3.656007482858652,21107.437635461265,4350.799792821241,3.4290483056924894,ij,3.1962200049621003,3.1962200049621,raw_edgeproj_len_weighted,raw_edgeproj_len_weighted,28.07121612415778,8.18629941070161,28.06350238688419,9.831335253527277,0.9997252082973722,1.2009498749429053,93
sq_22_43,sq_22_44,-1,-1,26.680736182592305,7.795607474033353,18.742419661683588,3.3094426386312827,3.1962200049621,3.1962200049620995,raw_edgeproj_len_weighted,raw_edgeproj_len_weighted,6.5905833878797235,18.498079230208237,18265.881743927497,3665.260474646937,3.422534583926147,ij,3.1962200049621,3.1962200049620995,raw_edgeproj_len_weighted,raw_edgeproj_len_weighted,26.680736182592305,7.795607474033353,23.3617663118533,9.362133821044333,0.8756042618904779,1.2009498749429053,94
sq_14_37,sq_14_38,-1,-1,19.72652986862507,5.867708822081492,16.36626608571862,5.077590420252827,3.1962200049621003,3.196220004962101,raw_edgeproj_len_weighted,raw_edgeproj_len_weighted,4.68627118544045,4.298802594885269,9246.51845748104,3516.5652959816143,3.3618794774528955,ij,3.1962200049621003,3.196220004962101,raw_edgeproj_len_weighted,raw_edgeproj_len_weighted,19.72652986862507,5.867708822081492,17.272633625277926,7.0468241760801495,0.8756042618904781,1.2009498749429053,95
sq_70_44,sq_71_44,-1,-1,3.701652983635137,12.343586302153952,3.7680367322826775,12.41346304635549,3.1962200049621,3.1962200049621,raw_edgeproj_len_weighted,raw_edgeproj_len_weighted,3.1962200049621,3.1962200049621,3227.444928658405,12116.157088253029,3.334614659106206,ji,3.1962200049621,3.1962200049621,raw_edgeproj_len_weighted,raw_edgeproj_len_weighted,12.343586302153952,3.701652983635137,12.41346304635549,4.525223242415155,1.0056609758696584,1.2224871597691598,96
sq_32_42,sq_33_42,-1,-1,21.286567105164945,70.36436319761985,14.146232365374658,63.39726722567144,3.196220004962101,3.1962200049621,raw_edgeproj_len_weighted,raw_edgeproj_len_weighted,7.384041448899976,3.957565466164971,7724.972199700607,40425.51046227035,3.305575899109948,ji,3.1962200049621,3.196220004962101,raw_edgeproj_len_weighted,raw_edgeproj_len_weighted,70.36436319761985,21.286567105164945,63.39726722567144,25.564100102911603,0.9009854469601157,1.2009498749429053,97
sq_18_37,sq_18_38,-1,-1,7.734836320315794,25.38536464877116,7.5898642972291075,20.410625374737045,3.1962200049621003,3.1962200049621,raw_edgeproj_len_weighted,raw_edgeproj_len_weighted,3.32257673385881,4.997462734298404,4595.630131356227,20299.521185874153,3.2819524030645213,ji,3.1962200049621,3.1962200049621003,raw_edgeproj_len_weighted,raw_edgeproj_len_weighted,25.38536464877116,7.734836320315794,22.227533476107904,9.289150711587094,0.875604261890478,1.2009498749429053,98
sq_15_36,sq_15_37,-1,-1,11.17067387115255,36.4784536272035,8.078641983101287,31.915967982847043,3.1962200049621003,3.1962200049620986,raw_edgeproj_len_weighted,raw_edgeproj_len_weighted,6.209267580076286,4.202883181441198,4652.650467506197,21159.37547750026,3.26555533246803,ji,3.1962200049620986,3.1962200049621003,raw_edgeproj_len_weighted,raw_edgeproj_len_weighted,36.4784536272035,11.17067387115255,31.94068946315355,13.415419388588635,0.875604261890478,1.2009498749429053,99
sq_46_24,sq_47_24,-1,-1,4.34671567592078,14.085853634270508,3.8704163139967234,12.554835075807002,3.1962200049621,3.1962200049620995,raw_edgeproj_len_weighted,raw_edgeproj_len_weighted,4.054363021547532,4.04611880920025,3902.712515227589,12637.518485565108,3.240573960772498,ji,3.1962200049620995,3.1962200049621,raw_edgeproj_len_weighted,raw_edgeproj_len_weighted,14.085853634270508,4.34671567592078,12.554835075807002,5.2201876474094275,0.8913080741703451,1.2009498749429053,100
